seller_id,items,gmv,orders,late_n,late_rate,review_n,review_score
0015a82c2db000af6aaaf3ae2ecb0532,3,2685.0,3,3,0.0,3,3.6666666666666665
001cca7ae9ae17fb1caed9dfb1094831,234,24487.03,195,195,0.06153846153846154,192,4.0625
002100f778ceb8431b7a1020ff7ab48f,54,1216.6,50,50,0.18,50,3.96
003554e2dce176b5555353e4f3555ac8,1,120.0,1,1,0.0,1,5.0
004c9cd9d87a3c30c522c48c4fc07416,168,19569.73,156,156,0.0641025641025641,154,4.142857142857143
00720abe85ba0859807595bbf045a33b,26,1007.5,13,13,0.15384615384615385,13,3.6153846153846154
00ab3eff1b5192e5f1a63bcecfee11c8,1,98.0,1,1,0.0,1,5.0
00d8b143d12632bad99c0ad66ad52825,1,86.0,1,1,0.0,1,5.0
00ee68308b45bc5e2660cd833c3f81cc,172,20260.0,135,135,0.07407407407407407,134,4.298507462686567
00fc707aaaad2d31347cf883cd2dfe10,135,12684.9,103,103,0.038834951456310676,102,4.078431372549019
010543a62bd80aa422851e79a3bc7540,2,1416.0,2,2,0.0,2,4.5
010da0602d7774602cd1b3f5fb7b709e,5,849.5,1,1,0.0,1,1.0
01266d4c46afa519678d16a8b683d325,3,90.25,3,3,0.0,3,5.0
013900e863eace745d3ec7614cab5b1a,26,1619.7,23,23,0.0,23,4.695652173913044
014c0679dd340a0e338872e7ec85666a,15,7058.0,14,14,0.14285714285714285,14,3.857142857142857
014d9a685fd57276679edd00e07089e5,12,729.88,11,11,0.0,11,3.727272727272727
0176f73cc1195f367f7b32db1e5b3aa8,38,4643.2,37,37,0.10810810810810811,37,4.108108108108108
01bcc9d254a0143f0ce9791b960b2a47,10,1393.21,10,10,0.0,10,4.4
01c97ebb5cdac52891c0ed1c37ba0012,12,577.5,9,9,0.0,9,4.222222222222222
01cf7e3d21494c41fb86034f2e714fa1,64,9369.66,58,58,0.05172413793103448,57,4.105263157894737
01ed254b9ff8407dfb9d99ba1e17d923,5,1465.99,5,5,0.0,5,5.0
01fd077212124329bac32490e8ef80d9,39,1208.0,31,31,0.03225806451612903,31,4.161290322580645
01fdefa7697d26ad920e9e0346d4bd1b,130,14802.53,128,128,0.0546875,127,4.377952755905512
0241d4d5d36f10f80c644447315af0bd,246,31397.7,238,238,0.046218487394957986,237,4.3544303797468356
0249d282d911d23cb8b869ab49c99f53,11,393.0,11,11,0.18181818181818182,11,4.2727272727272725
024b564ae893ce8e9bfa02c10a401ece,2,239.0,1,1,0.0,1,4.0
028872bfa080090a9d0abd4f1af168f8,3,70.5,1,1,0.0,1,5.0
02b72cdeb9cfcc429f1af6f4e3f3b737,4,522.65,4,4,0.0,4,4.75
02c988090b766852e088c69d7fb3b551,16,1564.3700000000001,12,12,0.0,12,4.583333333333333
02d35243ea2e497335cd0f076b45675d,16,5794.0,14,14,0.2857142857142857,14,2.642857142857143
02dcd3e8e25bee036e32512bcf175493,15,1341.9,13,13,0.3076923076923077,13,4.076923076923077
02ecc2a19303f05e59ce133fd923fff7,24,5264.19,21,21,0.0,21,4.619047619047619
02f5837340d7eb4f653d676c7256523a,30,3883.05,30,30,0.03333333333333333,30,4.833333333333333
02f623a8eb246f3c5f7c2f96462654e6,44,6378.0,44,44,0.06818181818181818,43,4.558139534883721
0307f7565ff85b299b6e5ef162b1b1a9,5,4695.0,5,5,0.0,5,3.8
034b9387752bfa309f350a70cd45ffa3,8,96.0,8,8,0.0,8,4.5
038b75b729c8a9a04b0d07cba7eabe86,2,467.0,2,2,0.5,2,3.5
039b29ff3b3473435d0cd59040575de9,9,114.9,9,9,0.0,9,4.444444444444445
039e6ad9dae79614493083e241147386,5,12925.0,5,5,0.2,5,4.0
03a2a6dcbe45d639c4dc2a0d24769c40,9,1078.41,9,9,0.1111111111111111,9,4.111111111111111
03bd479e1d9484cdb14104d3023f7321,3,359.70000000000005,3,3,0.0,3,4.333333333333333
0417b067eeab773d2f7061a726dc477f,13,1859.18,13,13,0.23076923076923078,13,3.923076923076923
042573af89b6d931f672efaf789d8358,3,413.48,3,3,0.3333333333333333,3,3.6666666666666665
04308b1ee57b6625f47df1d56f00eedf,92,58991.8,92,92,0.07608695652173914,92,3.9456521739130435
0432ead42b6c8a0bdf68154add917fdf,87,7574.400000000001,82,82,0.024390243902439025,82,4.536585365853658
044668ccd5316b12a7cf0d54a156e3e9,4,137.8,3,3,0.0,3,5.0
04843805947f0fc584fc1969b6e50fe7,2,1400.0,1,1,0.0,1,5.0
048c2757535328e0d7dac690ad3c0aae,50,9065.08,50,50,0.12,49,4.244897959183674
04aa0a1c5ce6b222003403a3e11c3cc0,17,5518.0,11,11,0.18181818181818182,11,4.090909090909091
04aba03279157f6d4e0fe8ccaf21963c,15,2416.0,15,15,0.06666666666666667,15,4.533333333333333
04e38a233f726ef161074ab1c9b0399a,24,991.6,19,19,0.05263157894736842,19,4.105263157894737
04ee0ec01589969663ba5967c0e0bdc0,1,289.49,1,1,0.0,1,5.0
04fdea0c111866e6cf812f1570d6b5bd,8,865.0,8,8,0.125,8,3.5
0509040ea3fe50071181bbc359eb7738,96,3689.35,87,87,0.04597701149425287,86,4.476744186046512
052577151711aec5c744fe12e66db3e1,1,687.0,1,1,0.0,1,5.0
054694fa03fe82cec4b7551487331d74,21,8286.1,20,20,0.3,20,3.4
056b4ada5bbc2c50cc7842547dda6b51,65,12203.400000000001,64,64,0.109375,63,4.2063492063492065
0570350b23eda5444f8d1d9544932058,11,626.9,6,6,0.0,6,5.0
05730013efda596306417c3b09302475,4,952.0,4,4,0.0,4,5.0
058cb5aeb36d7c0fcae20fc85d5e0a59,12,1236.0,11,11,0.09090909090909091,11,3.8181818181818183
058fd0aa2bfdb2274e05e1ae971dabb6,63,7549.9,60,60,0.06666666666666667,60,4.366666666666666
05a48cc8859962767935ab9087417fbb,1,42.9,1,1,0.0,1,5.0
05a940b4ecae36cadfd8e93bd9c43257,9,695.1,9,9,0.0,9,4.222222222222222
05aebce0b5c8f0d41b29b686f2d05fd3,2,74.99000000000001,2,2,0.0,2,5.0
05ca864204d09595ae591b93ea9cf93d,1,179.9,1,1,0.0,1,5.0
05d2173d43ea568aa0540eba70d2ca76,66,5759.66,62,62,0.04838709677419355,60,4.183333333333334
05e107217c7266362fd44b75b2cd4cc4,8,193.38,5,5,0.2,5,4.2
05f51e13da97139648b8125c31e5f51b,60,13100.31,57,57,0.15789473684210525,57,4.228070175438597
05feb94f19d094d4b0f9281f0b1d4c99,6,9353.0,6,6,0.0,6,4.5
05ff92fedb5be47920fea08e501238b9,59,21146.98,56,56,0.03571428571428571,56,4.303571428571429
062c325cd6a2b87845fab56b4ec2eeae,2,133.22,2,2,0.0,2,5.0
062ce95fa2ad4dfaedfc79260130565f,59,7479.1,54,54,0.037037037037037035,54,4.092592592592593
06532f10282704ef4c69168b914b77be,8,9827.95,7,7,0.0,7,4.714285714285714
06579cb253ecd5a3a12a9e6eb6bf8f47,70,4587.400000000001,61,61,0.06557377049180328,61,4.131147540983607
066a6914e1ebf3ea95a216c73a986b91,71,8876.48,65,65,0.03076923076923077,65,4.092307692307692
0691148aee60ca47977c187804f935ae,53,5868.51,47,47,0.02127659574468085,47,4.170212765957447
0692610d8abe24f287e9fae90ea0bbee,4,173.99,4,4,0.25,4,4.0
06a2c3af7b3aee5d69171b0e14f0ee87,402,36097.979999999996,389,389,0.19023136246786632,385,4.012987012987013
06bb3a2fe5e7b7a845b13e8fb91bd944,18,1536.19,17,17,0.0,17,4.588235294117647
06df0c10d34e459d9672bc77388742eb,30,9070.0,26,26,0.038461538461538464,26,4.346153846153846
06e5eefc71ec47ae763c5c6f8db7064f,93,21648.670000000002,90,90,0.0,88,3.977272727272727
07017df32dc5f2f1d2801e579548d620,9,946.49,8,8,0.0,8,4.0
070d165398b553f3b4b851c216b8a358,38,3333.17,31,31,0.12903225806451613,30,3.3666666666666667
0725b8c0f3f906e58f70cbe76b7c748c,36,2161.52,16,16,0.25,16,3.5625
0743a0239d764b9a0f959a57d07e36ab,4,336.96,4,4,0.0,4,4.75
0747d5bb69f0586cc869d8af4c50f93e,11,250.0,10,10,0.1,10,3.6
0761743cbffb25d7148189e9f1a5f03a,7,241.2,3,3,0.0,3,4.666666666666667
077c5fae4bea9500e3737b16f71b9d3a,6,106.80000000000001,4,4,0.0,4,4.5
0791d9fc1e30678ecf03d3e55fa108d3,11,842.0,5,5,0.0,5,4.0
079d295dcbf06ee8bb1b65ba964eb2b6,10,349.3,5,5,0.0,5,4.6
07a9bc7f61396b658ddf3ac534efe44c,1,119.9,1,1,0.0,1,3.0
07bf9669d84d1f11be443a9dd938f698,24,1776.0,18,18,0.0,18,3.7222222222222223
07d75e33f2750d97d467fb57e4dfdd8a,2,722.4,2,2,0.0,2,2.5
07de60b03d150fb3ea09eab5da5e4c8b,9,719.1,9,9,0.1111111111111111,9,4.333333333333333
07e8e8fc5222bb358e6f259da3197074,2,51.8,2,2,0.0,2,4.0
080102cd0a76b09e0dcf55fcacc60e05,128,5612.65,122,122,0.040983606557377046,122,4.516393442622951
080199a181c46c657dc5aa235411be3b,83,14504.2,79,79,0.012658227848101266,78,4.615384615384615
08061dc0fc165ed41288cc7acde738ee,4,123.80000000000001,4,4,0.25,4,4.5
08084d990eb3f53af056ccbc1730c8a7,12,372.5,12,12,0.0,11,4.454545454545454
081acf3de680d554796c9cf041be7bc2,8,1597.3,4,4,0.25,4,3.25
082e0bf4cb865a6533b1e8e498cc0255,23,2073.3,11,11,0.18181818181818182,11,3.272727272727273
085f6f7e049c996695fb2074fe38d45e,8,305.4,6,6,0.0,6,4.0
08633c14ef2db992c11f840f04fad4cd,97,7644.3,74,74,0.05405405405405406,74,4.364864864864865
0873d9f8f36123f8d910f4760e788cfb,6,7265.59,6,6,0.3333333333333333,6,3.1666666666666665
0885aaf116795758dfeb5f1032487bcd,29,2573.1000000000004,27,27,0.0,27,4.2592592592592595
0887a9f087bcd5d9f6642b52f897fc6c,12,1642.0,12,12,0.08333333333333333,12,4.416666666666667
08ad4ac1388e4420ca531c3edfc46198,7,221.61999999999998,6,6,0.0,6,2.8333333333333335
08cdbae123ff67ca4e36d9d641ce0119,6,3098.99,4,4,0.5,4,3.25
08d0949a9a17c027262db1f3c450c26c,12,324.8,12,12,0.0,12,3.75
08d1c9478fb0d7d7fcac9c0da4e82fc7,1,538.0,1,1,0.0,1,5.0
08d2d642cf72b622b14dde1d2f5eb2f5,20,909.0,16,16,0.125,16,4.3125
08f5819815f3d06545011850bd70f0a8,3,452.0,3,3,0.0,3,4.666666666666667
091065b789659bc3cd9af9cb3a6253ff,2,1359.0,2,2,0.0,2,3.5
0936e1837d0c79253456bbb2ffaaef10,2,38.9,1,1,0.0,1,5.0
093805f8f2aeb63881444571e1f48f30,27,1215.79,22,22,0.045454545454545456,22,4.181818181818182
094ced053e257ae8cae57205592d6712,19,1519.2,19,19,0.0,19,4.052631578947368
0951a6e282947e09cd47969f4ed0b47f,7,492.3,7,7,0.0,7,4.857142857142857
09883d9ab71c8fe8a9bfc7fc3075b07e,4,269.6,4,4,0.25,4,4.0
099095b050cfe8eb1ddff5317587e96e,19,5003.84,16,16,0.1875,16,3.375
09bad886111255c5b5030314fc7f1a4a,5,487.5,5,5,0.0,5,5.0
09f952a5f58d2285b0372551ae8f9b01,56,11821.5,50,50,0.06,50,3.84
0a198e95d32b1be2da9424c962a6ebfa,1,69.99,1,1,0.0,1,5.0
0a82f5fb06a4fe4ac2cf7cb412ec71b8,2,462.0,2,2,0.0,2,5.0
0a85ebe4e328db81ac9109781205e2f7,12,667.9,12,12,0.08333333333333333,12,4.583333333333333
0aa2205ca24f113f4658a5c536667426,11,815.62,4,4,0.0,4,4.0
0ac4201fda2c68ebc0e47cb9423cf3c9,14,1676.88,13,13,0.07692307692307693,13,4.230769230769231
0ad80de75c811326389cfb1daba7d45e,6,1449.3999999999999,6,6,0.0,5,5.0
0adac9fbd9a2b63cccaac4f8756c1ca8,134,15557.6,106,106,0.05660377358490566,106,4.09433962264151
0ade5cc4a305ed7093a23f68ca47519c,2,158.88,2,2,0.0,2,5.0
0aea4c6ae1505b3228ddf3dd7822ee5b,8,1427.91,8,8,0.25,8,3.875
0af2ab31141893d26aca5a404a537dab,1,59.0,1,1,0.0,1,5.0
0af977692321d895349eded183341d28,2,257.75,2,2,0.0,2,4.5
0afccdb8a34ee5c79f7c06faf2b4d56e,24,1185.6,24,24,0.08333333333333333,23,4.086956521739131
0b09101900100c0e9d312861fad5a1b9,1,153.75,1,1,0.0,1,4.0
0b0ddbc7b9d9584f442c7ac92b0ff6c9,3,1416.76,3,3,0.0,3,4.666666666666667
0b18d63d0cd1d723567903fd34a07df2,14,1678.1399999999999,9,9,0.0,9,4.777777777777778
0b1ca3ef18a63d7eb0c8897fa0849c08,1,55.0,1,1,0.0,1,5.0
0b35c634521043bf4b47e21547b99ab5,77,13235.65,50,50,0.16,49,3.4081632653061225
0b36063d5818f81ccb94b54adfaebbf5,15,765.0,1,1,0.0,1,5.0
0b3f27369a4d8df98f7eb91077e438ac,2,146.51,2,2,0.0,2,4.0
0b46f784306be7200ca1700aa55d819f,1,19.9,1,1,0.0,1,5.0
0b64bcdb0784abc139af04077d49a20e,4,137.6,4,4,0.0,4,4.75
0b90b6df587eb83608a64ea8b390cf07,209,28492.76,163,163,0.03680981595092025,162,4.037037037037037
0bae85eb84b9fb3bd773911e89288d54,145,7433.5599999999995,136,136,0.007352941176470588,136,4.294117647058823
0bb27263628258b8111a0262769fa9db,1,22.2,1,1,0.0,1,5.0
0bb738e4d789e63e2267697c42d35a2d,30,2308.4,29,28,0.03571428571428571,29,4.655172413793103
0be8ff43f22e456b4e0371b2245e4d01,175,11336.0,156,156,0.0641025641025641,156,4.032051282051282
0bebbb2cea103a4a020c95d43fd7d754,9,1367.2,9,9,0.0,9,4.888888888888889
0bf0150d5b9d60d9cd2906003332f085,62,5774.6,39,39,0.15384615384615385,38,3.789473684210526
0bfd0b434243adc5c2e1aa6baf19c6aa,6,371.20000000000005,6,6,0.0,6,3.6666666666666665
0c7533c71df861ec58ad7ff999ed0e8d,73,2989.2999999999997,61,61,0.04918032786885246,61,4.147540983606557
0c7f30ae9b147eca07affbef92832a6a,5,479.5,5,5,0.0,5,5.0
0c8380b62e38e8a1e6adbeba7eb9688c,214,17029.600000000002,178,178,0.05056179775280899,176,4.0852272727272725
0cab2da43793a6f3c5ed8514c5f54627,3,309.70000000000005,3,3,0.0,3,5.0
0cbcee27c791afa0cdcb08587a2013a8,39,5054.15,37,37,0.10810810810810811,37,4.0
0d33a55da925bbf1ff02af5f6059fc7f,24,547.3,22,22,0.045454545454545456,22,4.454545454545454
0d4c8269e7f0401201794deef160edd6,4,792.64,3,3,0.0,3,3.6666666666666665
0d83f8e03188682112cc0d93523705cc,8,696.26,4,4,0.25,4,3.75
0d85bbda9889ce1f7e63778d24f346eb,58,4845.2,51,51,0.11764705882352941,50,4.2
0daf5180aa44356f60f8effa533b55a2,2,144.8,2,2,0.0,2,5.0
0db783cfcd3b73998abc6e10e59a102f,135,9007.4,130,130,0.038461538461538464,129,4.232558139534884
0dd184061fb0eaa7ca37932c68ab91c5,193,18446.92,161,161,0.10559006211180125,160,4.03125
0ddefe3c7a032b91f4e25b9c3a08fca1,10,402.9,9,9,0.0,9,4.555555555555555
0df3984f9dfb3d49ac6366acbd3bbb85,88,9891.49,86,86,0.011627906976744186,86,4.383720930232558
0dfbed20065e425d2eaefb101f9816c0,3,84.35,3,3,0.3333333333333333,3,2.6666666666666665
0e44d110fa6a54e121cb2c095a77762f,6,223.32,6,6,0.16666666666666666,6,4.333333333333333
0e72c1a751b496722a6cb1f10653b62a,3,140.8,3,3,0.0,3,4.666666666666667
0e982cff76cc0579f632cea8a0e38c9d,7,971.9,6,6,0.0,6,4.333333333333333
0ea22c1cfbdc755f86b9b54b39c16043,261,10437.5,231,231,0.008658008658008658,228,4.434210526315789
0eaa7e33d73809f1f925f7d07c506cbd,15,1552.0,15,15,0.0,14,4.714285714285714
0ebd97a106433a45a4aebe57c1799778,32,3046.8,31,31,0.0,31,4.483870967741935
0ec28cec4046a4a199b6de9b4c891d97,4,296.6,3,3,0.0,3,5.0
0ed6ce5d87fd9c69eaacaeb778d67235,42,2026.52,42,42,0.14285714285714285,41,4.390243902439025
0ee4fb99ac55ffbbc98795aa01b7f8fa,1,59.9,1,1,0.0,1,5.0
0ef83d7d83ed97cd2a0049ac8be5f88a,55,4421.01,48,48,0.020833333333333332,47,4.148936170212766
0f0c984a4a955310903b6b6008660bad,4,369.81,4,4,0.0,4,3.75
0f519b0d2e5eb2227c93dd25038bfc01,1,79.9,1,1,0.0,1,5.0
0f7eea709efdf942b5f95c7516dbacd7,3,195.74,3,3,0.0,3,4.0
0f80a40c312b2472dca482cf50f5186f,1,129.9,1,1,0.0,1,3.0
0f94588695d71662beec8d883ffacf09,1,9.0,1,1,0.0,1,5.0
0fe2d9733ed841eb064503920015a8c0,3,389.64,3,3,0.0,3,4.666666666666667
0ff83046c3fa22efee8ecf291888b191,11,768.9000000000001,10,10,0.0,10,4.8
0ffa40d54288e4f3499b8780dd0f144f,35,2162.8,33,33,0.12121212121212122,33,4.484848484848484
10076e5788b8ee532724bcd460baf762,26,821.48,23,23,0.043478260869565216,23,4.565217391304348
10089e9f2fd0c668a8fd4e52e1698888,3,1139.9,3,3,0.0,3,4.333333333333333
101a3a003516bc11253298b2fad3cb65,6,450.0,5,5,0.0,5,4.8
1025f0e2d44d7041d6cf58b6550e0bfa,1420,138208.56,910,910,0.07912087912087912,902,4.006651884700665
10264f60a8f0a4d2f30810f5c661c673,4,284.6,4,4,0.0,4,5.0
1099a00e0ee3a50935e6c2447ca090c5,3,849.6999999999999,3,3,0.3333333333333333,3,3.6666666666666665
10cdd491d1dbea8fb4ead97b19c334ce,3,208.9,3,3,0.0,3,5.0
10ff823eda2b032e2c93d17a7d294736,8,1144.98,8,8,0.0,8,4.25
112453736dbe3889cfb74e1aaa0ba0c1,14,1890.0,7,7,0.0,7,4.142857142857143
1127b7f2594683f2510f1c2c834a486b,128,6669.7,110,110,0.01818181818181818,110,4.1909090909090905
11305281b50fff20ae8bb473f8e11876,39,6483.71,34,34,0.11764705882352941,34,4.323529411764706
113e3a788b935f48aad63e1c41dac1bd,48,847.35,39,39,0.05128205128205128,38,4.315789473684211
116ccb1a1604bc88e4d234a8c23f33de,73,2004.89,61,61,0.03278688524590164,61,4.639344262295082
11742f81550ac064cc9a40f67151d9ad,2,781.9,2,2,0.0,2,5.0
117cfc326c6d50da67ca858ff5c0c852,5,454.6,5,5,0.0,5,4.6
11938fcc75f6902fea1d0a6f72b54a57,2,594.98,2,2,0.0,2,3.0
119c7f1a00ef43fad0e57604e76a747c,2,189.8,2,2,0.0,2,4.5
119d1aef1b4144adba89163f6cd9f5d4,4,1094.0,4,4,0.0,4,4.75
11bfa66332777660bd0640ee84d47006,102,3925.87,76,76,0.14473684210526316,76,3.9210526315789473
11d4c477d09821164bca4f70a2eae031,4,83.04,3,3,0.0,3,5.0
11eac105f3f90a9b87b19c89d91e24f3,5,802.89,5,5,0.0,5,3.6
11fb6f6d341adbe19e81733701704635,3,1197.0,3,3,0.0,3,5.0
120476eb7a04c149d14772edaf5d9bf2,6,2368.8,4,4,0.0,4,4.25
1284de4ae8aa26997e748c851557cf0e,3,1459.97,3,3,0.0,3,2.6666666666666665
128639473a139ac0f3e5f5ade55873a5,554,11795.849999999999,527,527,0.04174573055028463,521,4.213051823416507
128f9bfbe4c7d5185033914b1de3d39a,15,1267.39,13,13,0.07692307692307693,13,4.769230769230769
12a8eb0f8d1cd3270695bf2a99f55966,2,397.0,2,2,0.0,2,3.5
12b9676b00f60f3b700e83af21824c0e,133,26376.0,133,133,0.007518796992481203,132,4.553030303030303
12c2ed9cded6138cf0c75f525f565fc7,4,314.96,4,4,0.25,4,4.25
13074f016982ff2bd6c58ced8682f000,14,1977.0,13,13,0.23076923076923078,13,4.153846153846154
131fcb0a0c9a47bba4474aacff0f14b7,4,369.8,4,4,0.0,4,4.0
1336efc61c316ddf92c899eb817f7cae,85,4837.31,74,74,0.08108108108108109,74,4.0
134285d1f41da5c13a756ee8142c8a4e,4,1572.6999999999998,3,3,0.0,3,3.3333333333333335
134a288e7de827ec5ec62e3ec9c3a295,9,877.45,9,9,0.0,9,4.777777777777778
134b867a0f7f8bbe6abf10f91874891e,1,789.89,1,1,0.0,1,4.0
13511db12ac61e2f89c53b72a944a60b,6,798.0,6,6,0.0,6,3.5
1352e06ae67b410cdae0b2a22361167b,2,178.0,2,2,1.0,2,3.0
1354d51653f645349064725ed204e85e,20,2410.0,18,18,0.0,18,3.9444444444444446
138dbe45fc62f1e244378131a6801526,58,1125.56,49,49,0.02040816326530612,49,4.081632653061225
139157dd4daa45c25b0807ffff348363,1,29.9,1,1,0.0,1,4.0
13c2ed7698b3ca92dad49e849219da59,9,498.61,8,8,0.0,8,4.375
13d058e4eeac2ce8217660b2f8a05812,22,3739.78,22,22,0.09090909090909091,22,4.181818181818182
13d95f0f6f73943d4ceffad0fc2cd32c,1,249.99,1,1,1.0,1,3.0
13dd308f81fea30cc670c656b2b46cc3,3,117.69999999999999,3,3,0.0,3,5.0
13f57c12a00ed4610db646b913a7f5c6,13,645.2,7,7,0.14285714285714285,7,4.857142857142857
13fa2a6c6b9d0f43cb588d7c82117a12,10,4528.0,9,9,0.3333333333333333,9,4.111111111111111
141440cad9341e553f8401c574a2aa38,12,1288.2,11,11,0.0,11,4.454545454545454
1430239a858e7682bbc43b20758af153,22,633.99,17,17,0.0,17,4.176470588235294
1444c08e64d55fb3c25f0f09c07ffcf2,1,2749.0,1,1,0.0,1,1.0
1464afc72f696af775557a821c2e253f,30,1059.36,29,29,0.034482758620689655,29,4.241379310344827
14a08204d03bb6b6bde8029f801ae0eb,38,2185.4,28,28,0.0,28,3.892857142857143
14d7985702e72162bbf13b6beb74ab2b,38,3887.0,37,37,0.10810810810810811,37,4.324324324324325
14ee35374a7876217954b5fa08e50463,6,809.0,6,6,0.16666666666666666,6,4.333333333333333
14f2b3587172b9db894c9bad8dab520b,2,244.0,2,2,0.0,2,2.5
152ee17e4c8aaf53dac99f3462e4999b,6,308.96000000000004,6,6,0.0,6,4.333333333333333
154bdf805377afea75a3bd158e9eab10,1,89.9,1,1,1.0,1,1.0
1554a68530182680ad5c8b042c3ab563,262,28726.69,241,241,0.06224066390041494,239,4.317991631799163
157c3e4b42f81ac4a44e8b1ca2fe9876,31,2548.5,23,23,0.08695652173913043,23,3.6956521739130435
1588ac4010787100dddef64568f0ae35,3,599.97,3,3,0.0,3,3.0
15aac934c58d886785ac1b17953ea898,26,4353.9,25,25,0.12,25,4.24
15b3b1b81484422eb41df68ac87f1f50,1,43.35,1,1,0.0,1,1.0
15cd6eefe58588619aaed41dfa6621b1,18,1622.74,16,16,0.0625,16,4.25
15ead3a5037a918ddb520dfe39a3d2b9,7,254.5,6,6,0.16666666666666666,6,4.833333333333333
15fa791d5e017f66402dc28c44480657,8,1802.0,8,8,0.125,8,4.25
160851d3ece7aa1a510f8d1a4bb8a8af,2,102.05,2,2,0.0,2,5.0
16090f2ca825584b5a147ab24aa30c86,406,25579.16,398,398,0.08040201005025126,396,4.088383838383838
160e4f13fd3a64b1b86807be88b5ffb0,4,886.0,4,4,0.0,4,4.25
164a5a8794e6d42e14f55e447b12a3bc,1,73.99,1,1,0.0,1,5.0
165b1235e9e9942cb5fae67103576fb0,16,2085.15,11,11,0.09090909090909091,11,4.363636363636363
165fc07beebdcb6190fba8a06db2a449,64,17481.4,50,50,0.08,50,3.8
1660ad786c27fd935378b6192a90b417,13,1570.0,12,12,0.08333333333333333,12,4.583333333333333
166e8f1381e09651983c38b1f6f91c11,2,78.8,2,2,0.0,2,5.0
167fd940acebc789debd6eb418c46e38,5,1077.58,5,5,0.2,5,3.0
1690cada046eb7e92c12f98b1f8a8167,10,1760.0,10,10,0.1,10,4.9
16bdc8cefd0e32a6f0824d296c5ad14a,1,41.76,1,1,0.0,1,5.0
1703bc09972dab9782e7a9194943b69f,1,249.9,1,1,0.0,1,5.0
1710c3aaa9c6b44ec3883ee0fe300e21,2,1188.9,2,2,0.0,2,5.0
17306570e772e7718c92a562d33f5f1d,30,8640.0,27,27,0.07407407407407407,27,3.7777777777777777
173d56ffbd4c56cb80fc3615487d712b,2,358.0,2,2,0.0,2,5.0
1746c1ae87ac63d530c7c943d0ac42e2,1,229.9,1,1,0.0,1,5.0
1771297ac436903d1dd6b0e9279aa505,36,2881.27,28,28,0.03571428571428571,27,4.62962962962963
1782ce2db72c3dda627d5e7c898104e1,10,2010.8,9,9,0.1111111111111111,9,4.333333333333333
17908cf9b444ee34047cadd5c0f4a516,11,1993.99,11,11,0.09090909090909091,11,4.545454545454546
17998cf586426bf0f2c3726cb0a4b211,2,69.8,2,2,0.0,2,4.0
179d859f51292aac5c10806a356f7af9,19,404.46999999999997,18,18,0.05555555555555555,18,4.388888888888889
17a053fcb14bd219540cbde0df490be0,148,40353.24,124,124,0.056451612903225805,122,4.254098360655738
17ca9b9e9b9ef8fdb529001b49ebb50f,128,9649.86,115,115,0.008695652173913044,115,4.069565217391304
17e34d8224d27a541263c4c64b11a56b,260,54440.28,247,247,0.07692307692307693,245,4.253061224489796
17eea220a40cc0d2c0c5346379682398,3,875.98,3,3,0.6666666666666666,3,3.6666666666666665
17f51e7198701186712e53a39c564617,61,48019.0,56,56,0.08928571428571429,56,4.339285714285714
180c3376aff0e43dd5788709df48a843,10,4513.0,5,5,0.2,5,4.4
1835b56ce799e6a4dc4eddc053f04066,551,33005.32,417,417,0.10311750599520383,414,3.6666666666666665
1838dd9b8977065acf51d95e0053ea7a,65,2750.5,62,62,0.03225806451612903,62,4.370967741935484
184725737946a1a938bbbd1a9e978103,3,359.70000000000005,3,3,0.0,3,4.666666666666667
184a67a8f9f63234d3a92340bbdb727f,7,179.18,6,6,0.0,6,4.666666666666667
186cdd1b2df32caa72cfb410bba768d3,6,1341.45,6,6,0.0,6,5.0
189ca3538ce9f920cacf0f982cbe223b,5,419.0,4,4,0.0,4,4.25
18a349e75d307f4b4cc646a691ed4216,128,7425.21,109,109,0.05504587155963303,108,3.6018518518518516
18e694e0e48ed6f7aa3f24aade5fd697,34,701.54,31,31,0.03225806451612903,31,4.67741935483871
1900267e848ceeba8fa32d80c1a5f5a8,523,24639.57,406,406,0.0812807881773399,399,3.8596491228070176
191d55f7edb8524d525ed01b20fe32e8,3,747.0,3,3,0.3333333333333333,3,2.3333333333333335
1927cdb9fa74f5270097f6250e8e8f34,1,120.0,1,1,0.0,1,5.0
19484c79cef6c062cb177aa4ef2fcc3c,1,201.9,1,1,1.0,1,1.0
1961c3e1272bfeceb05d0b78b5bbfdaf,3,657.0,2,2,0.0,2,4.5
1976a05ecf2996d6ffb7b5430e635fe7,9,1796.2,8,8,0.25,8,3.875
1987cd4be10fe09ee50454f9c354d1c6,16,2877.7,14,14,0.07142857142857142,14,4.357142857142857
198c7ea11960a9844b544d9bcdca860c,25,1733.75,25,25,0.08,25,3.88
1996942dc085d7773ba77a529b163cd0,9,2383.52,9,9,0.0,9,4.222222222222222
19a7c9f66ffa6452ff4b4c0cca71da27,1,279.0,1,1,0.0,1,5.0
19d62d484cba71963c93f0f00ab42013,1,139.9,1,1,0.0,1,4.0
19e0f40a907ec568c34bfac15de4f4a1,4,178.0,4,4,0.0,4,5.0
1a3df491d1c4f1589fc2b934ada68bf2,171,22472.4,160,160,0.0375,160,4.275
1a8e2d9c38b84a9702ac7922924b0573,1,80.0,1,1,0.0,1,5.0
1a932caad4f9d804097d7f8e615baed1,30,4661.0,20,20,0.15,20,3.9
1acde099eb406aa220b1169b188b42da,10,311.1,9,9,0.0,9,4.222222222222222
1b0b0f4f95e962d6f32fe90c759d0479,2,139.8,2,2,0.0,2,5.0
1b1ae47a313a825a7ccceb8e2e30fa9d,10,2184.0,10,10,0.0,9,4.222222222222222
1b45169b635ef59425637e9a33eb5fb3,8,308.9,7,7,0.0,7,4.571428571428571
1b4b28463457a256e9a784ebe2a8f630,1,699.42,1,1,1.0,1,1.0
1b4c3a6f53068f0b6944d2d005c9fc89,115,14420.5,111,111,0.04504504504504504,110,4.254545454545455
1b61fb1f0f2185d89e9a126c498e9cc7,1,49.7,1,1,0.0,1,5.0
1b65c144b17e607c0f37f10bb7dfec8d,5,1109.5,5,5,0.0,5,2.0
1b7e5006cb25dd23ce8686691013b121,11,2636.74,11,11,0.18181818181818182,11,4.363636363636363
1b8356dabde1d35e17cef975c3f82730,60,3366.4,55,55,0.01818181818181818,55,4.218181818181818
1b8b75e227c9a9c100d0c210fb6176ce,15,1444.8700000000001,15,15,0.06666666666666667,15,3.933333333333333
1b938a7ec6ac5061a66a3766e0e75f90,31,3859.8,29,29,0.0,29,4.413793103448276
1bb2bdb95f4841f1bba2c0d2cd83d3c9,83,4905.76,79,79,0.06329113924050633,78,4.628205128205129
1bb3812d5f0747a3ab7348f199001a10,9,834.4000000000001,9,9,0.0,9,4.888888888888889
1bc2e21de46adfea6b98cc96b00f3b40,5,1039.95,3,3,0.0,3,3.3333333333333335
1c129092bf23f28a5930387c980c0dfc,219,9528.619999999999,200,200,0.045,199,4.251256281407035
1c40343cc5d18c2d8248ac2f3366de34,22,2461.41,21,21,0.09523809523809523,21,4.619047619047619
1c56ffe0e9dea2657fc6e95b53f40b13,3,183.0,3,3,0.0,3,4.333333333333333
1c5e4e49b9079480255b49d50aac1aa9,12,10173.11,12,12,0.0,12,4.333333333333333
1c68394e931a64f90ea236c5ea590300,171,24832.75,142,142,0.035211267605633804,142,3.9014084507042255
1c742ac33582852aaf3bcfbf5893abcf,1,97.9,1,1,0.0,1,5.0
1c83418358f249c9d6affa52d579db0e,1,24.9,1,1,0.0,1,5.0
1ca4bdb0cd7fc48e949bac066188ed26,3,1140.0,3,3,0.3333333333333333,3,5.0
1ca7077d890b907f89be8c954a02686a,127,12474.64,108,108,0.16666666666666666,107,2.392523364485981
1caf283236cd69af44cbc09a0a1e7d32,37,917.6,33,33,0.09090909090909091,33,4.606060606060606
1cbcd2ee0afb3fc09963b87eb65e7e4f,3,90.0,1,1,0.0,1,5.0
1cbd32d00d01bb8087a5eb088612fd9c,12,1045.47,11,11,0.09090909090909091,11,4.181818181818182
1cbd50a8c52e6cf8e315c5709fab386f,9,785.97,9,9,0.1111111111111111,9,3.7777777777777777
1cbdc7cf130a41fd13a3c2a7d2fcfda7,2,165.8,2,2,0.0,2,5.0
1cd9e0cc1839d55516843def5600816d,5,825.0,5,5,0.0,5,5.0
1ce3ae5a399804d1a87e706f8a813c3e,44,2563.0,40,40,0.075,40,3.75
1d0646a72178a6fb37ee8082140e06ec,2,61.0,2,2,0.0,2,5.0
1d0997ff06b524ce9289ffd75114ecd3,3,3747.0,3,3,0.3333333333333333,3,3.6666666666666665
1d139e3a3b14025640d8df1b230aace0,2,36.49,2,2,0.0,2,3.5
1d1bbb8ac1581824986f582583fff01d,4,166.88,4,4,0.25,4,3.5
1d2732ef8321502ee8488e8bed1ab8cd,5,1148.0,4,4,0.25,4,3.0
1d29dfba02015238dfbe2449a5eaa361,12,612.8,12,12,0.08333333333333333,12,4.5
1d4587203296c8f4ad134dc286fa6db0,41,2287.5,40,40,0.025,40,4.35
1d503743d2526f03f0c2c89540ee008c,17,516.04,12,12,0.08333333333333333,12,3.9166666666666665
1d8dbc4f32378d715c717c1c1fc57bae,97,11205.99,91,91,0.08791208791208792,89,4.056179775280899
1d953075c2f0dd990bacf27b83b330f1,1,59.0,1,1,0.0,1,5.0
1da366cade6d8276e7d8beea7af5d4bf,48,6348.589999999999,42,42,0.07142857142857142,41,3.975609756097561
1da3aeb70d7989d1e6d9b0e887f97c23,324,8691.56,261,261,0.04597701149425287,260,4.165384615384616
1dc2de47ee26a0a5b12dc14fd6dc0dea,27,1670.3,25,25,0.04,25,4.56
1dcfa3835714681d4ba4a93bc1e0fd41,14,1186.6000000000001,12,12,0.0,11,4.2727272727272725
1dd33b8119b3cb1056ed5dc88cd0aaf4,8,1513.0,8,8,0.125,8,3.75
1de62b6f2fd96227629786db492433db,2,208.8,2,2,0.0,2,5.0
1dfe5347016252a7884b694d4f10f5c4,26,1632.5,20,20,0.25,20,3.4
1e26c56af8d48424e1df0140a2401f83,2,258.9,2,2,0.0,2,5.0
1e47d8b6546eb3a77b1acddcc9406242,1,149.9,1,1,0.0,1,1.0
1e47defeeadeca0e9a18fa5a9311e735,3,234.12,3,3,0.0,3,5.0
1e483cc5c76fef08d3ca05f9a8af7d01,10,166.09,9,9,0.0,9,4.444444444444445
1e8b33f18b4f7598d87f5cbee2282cc2,139,17233.56,122,122,0.03278688524590164,120,4.4
1e8c6a4c538f286aee9573239740a4b4,5,359.7,5,5,0.0,5,3.8
1e9d5a33694bddb76316fd1f54734d20,2,318.0,2,2,0.0,2,4.5
1eade46fba20122dc4aefb379f8c636b,75,3635.37,58,58,0.1206896551724138,58,4.431034482758621
1f1bb1f0859883505541bdd6606193e5,29,16040.84,27,27,0.1111111111111111,27,4.333333333333333
1f2eebc0e970fd3c463e4f5d9652687a,1,44.99,1,1,1.0,1,5.0
1f50f920176fa81dab994f9023523100,1926,106655.70999999999,1399,1399,0.08863473909935668,1394,4.140602582496413
1f7dfad2cb384ea4d2d7e1ffbd78c407,1,49.0,1,1,0.0,1,1.0
1f7fd2a6fcd5a6fa5d8a4dabc72aaae0,3,531.8,3,3,0.0,3,5.0
1f867308a0ce13133a4e639ff4de0c02,13,875.1,7,7,0.0,7,4.142857142857143
1f9ab4708f3056ede07124aad39a2554,77,13312.93,76,76,0.05263157894736842,75,4.093333333333334
1fa2d3def6adfa70e58c276bb64fe5bb,1,6.9,1,1,0.0,1,1.0
1fbe10c70e30765ed1de86d9f7e98409,6,98.75,2,2,0.0,2,2.5
1fdc574883ef3b33ad41562d93f3a74a,18,4251.0,18,18,0.05555555555555555,18,4.444444444444445
1fe5540d7c1c37a595fefbacd5570d9e,25,4537.6,20,20,0.05,20,4.3
1fe61aa5494bd3ae92a2c13e067c810f,2,537.76,1,1,0.0,1,4.0
2009a095de2a2a41626f6c6d7722678d,12,388.89,8,8,0.0,8,4.375
2039c5e51785b5dde7cf93ccb3b7be2c,1,159.9,1,1,0.0,1,5.0
204b4e07bddef3c9b317f70189135b22,1,73.4,1,1,0.0,1,5.0
2059c39f76271d4ca3f15b5ffaccc8b8,12,604.9,12,12,0.0,12,4.5
20611af7866c6068fd5ae1f9dbe15c92,2,219.8,2,2,0.0,2,4.5
2063dd1b9f568df1c16741ea7d3e6adb,3,763.1,3,3,0.0,3,5.0
2075d8cd4dd63ff12df0749a5866bb06,3,184.70000000000002,3,3,0.0,3,5.0
2089a6d640999f9b9141ac719b2af596,41,7676.02,41,41,0.12195121951219512,41,3.926829268292683
20a7efa9721046319bdde5d60b6b5365,6,501.20000000000005,3,3,0.0,3,5.0
20a8b0dc55da94fe74d112082427c84f,7,407.4,7,7,0.14285714285714285,7,4.285714285714286
20b54c376b794ed028df09a3cd88e8dc,7,927.87,7,7,0.2857142857142857,7,3.7142857142857144
20cb7c2fde3e5bf10f0bbe7394e1c6a9,50,844.9999999999999,31,31,0.0967741935483871,31,4.096774193548387
20d53aad4fe5ee93a64f8839609d3586,1,14.5,1,1,1.0,1,1.0
20d83f3ef0e6925fd74bfd59170babf7,54,2903.6,40,40,0.05,40,4.4
20f0aeea30bc3b8c4420be8ced4226c0,1,14.9,1,1,1.0,0,
2138ccb85b11a4ec1e37afbd1c8eda1f,417,12039.33,386,386,0.046632124352331605,385,3.9506493506493507
213b25e6f54661939f11710a6fddb871,190,15105.95,152,152,0.06578947368421052,151,3.814569536423841
213fafb0ca06fb3d5886579c2565791b,3,189.70000000000002,3,3,0.0,3,2.3333333333333335
2156f2671501a81034d7d07f217609d0,21,2909.5,21,21,0.14285714285714285,21,4.0
217f005bb37ff3aeef5b2ae1788e75ba,2,49.98,2,2,0.0,2,4.5
218d46b86c1881d022bce9c68a7d4b15,420,53710.3,382,382,0.08638743455497382,380,4.184210526315789
218f991754f360af9c2daa5e0b8e990c,17,3554.32,14,14,0.14285714285714285,14,3.642857142857143
2199e7fe213c16213bf5d6a7eadc9a5d,30,3767.29,24,24,0.041666666666666664,24,4.375
21c62b998a043ebe31161d38f84929fc,4,750.49,4,4,0.0,4,4.5
21d59342ba150175ca2aa4f8faddeca6,2,259.9,2,2,0.0,2,4.5
21e83881401b92b49fb09a16d3852291,13,3109.06,12,12,0.0,12,4.833333333333333
2235cf78d3e2073a88146a9cb60f0dd0,1,178.99,1,1,0.0,1,5.0
226b05fe067266c59c15dae208213d06,11,1056.9,10,10,0.0,10,4.5
228e4c1a0be164f613d41c24345f9d2c,5,539.7,5,5,0.0,5,5.0
229c3efbfb0ea2058de4ccdfbc3d784a,144,15404.0,117,117,0.017094017094017096,116,3.646551724137931
22a23e5ac7061fc538cc2a019afaaf16,1,95.0,1,1,0.0,1,3.0
22c32ec35d0116ef02c281798a25bf8b,6,119.58,4,4,0.0,4,3.75
2305ab43e846518f58dd9d59f3f54e96,3,788.89,3,3,0.0,3,3.6666666666666665
232a6014e7b10cba61c6c2b2ea6bb4b0,35,3819.9700000000003,32,32,0.03125,32,4.15625
23613d49c3ac2bd302259e55c06c050c,78,4177.2,68,68,0.08823529411764706,67,3.8507462686567164
236585a4ddb5fea9fa40233e2249ed91,11,649.53,11,11,0.09090909090909091,11,4.090909090909091
2379bdc3888025689a9deb7b141507d5,9,999.5,9,9,0.2222222222222222,9,4.333333333333333
238fac594e170b59c6d228f5a4f4f1d9,30,3126.0,29,29,0.10344827586206896,28,4.0
23a0ffca143a15b9b5bbdb7d552f626a,24,3718.51,23,23,0.13043478260869565,23,3.9130434782608696
23c38debaffe4a25a30fdbd9b586a13f,46,5382.18,41,41,0.12195121951219512,41,4.317073170731708
23ca5f678e0b3ea6c630b30fa8bf51ea,7,183.0,6,6,0.0,6,5.0
23d7c96d4a1160db1c726b248601b25a,52,10658.24,50,50,0.1,48,3.9166666666666665
23ff42c4bf1f8f16cddb19d8b972974a,3,174.70000000000002,2,2,0.0,2,4.0
240b9776d844d37535668549a396af32,35,13332.09,35,35,0.02857142857142857,35,4.3428571428571425
244b04680fdbded0acf5aebd9c92b44a,2,1701.8000000000002,2,2,0.5,1,1.0
244c2f1bff6afe1f2eaf9bfe9b2aed38,27,2580.0,23,23,0.08695652173913043,23,3.652173913043478
247587846358bb1d2e4c6522020b36fe,1,99.0,1,1,0.0,1,5.0
2493dc3f20131696a0ecdb9948051a8d,4,504.38,4,4,0.0,4,4.75
249f0e9905a6e06ad6c6bea7547ab9f6,3,347.95,3,3,0.0,3,3.6666666666666665
24a6daf925d9d591870a66660416de31,2,60.0,2,2,0.0,2,4.5
24c1de8d9551c0b4fbc53317d53efda8,1,355.0,1,1,0.0,1,5.0
2528513dd95219a6013d4d05176e391a,166,32660.2,160,160,0.0375,157,3.968152866242038
2528744c5ef5d955adc318720a94d2e7,5,6245.0,5,5,0.0,5,2.4
252e76235acb79183cfca6e34f13337d,4,261.2,3,3,0.0,3,3.3333333333333335
253c025bab43881055aeecde5e2d8b77,2,94.82,2,2,0.5,2,4.5
253f95b3a0e6983ae18aed49fbc2b845,5,799.5,5,5,0.0,5,4.4
257e61d3251fb5efb9daadddbc2cf7ca,12,7729.0,12,12,0.0,12,4.75
258447aad3f7b01e2643c89f64dc5647,1,51.9,1,1,0.0,1,5.0
259f7b5e6e482c230e5bfaa670b6bb8f,162,8393.14,136,136,0.014705882352941176,135,4.348148148148148
25be943a321c8938947bdaabca979a90,3,479.0,3,3,0.0,3,4.333333333333333
25c5c91f63607446a97b143d2d535d31,266,54208.78,156,156,0.07051282051282051,155,3.8451612903225807
25cf099de44674fde97473224f9d59ab,50,1654.36,50,50,0.04,49,4.326530612244898
25debeafbce801fdd479539350185eee,6,237.85,5,5,0.0,5,3.0
25e47381a6c510ddeb36084e33b89f0c,17,1289.6000000000001,16,16,0.0,16,4.25
25e6ffe976bd75618accfe16cefcbd0d,114,11464.62,105,105,0.02857142857142857,105,4.438095238095238
262237171f48e85819065498cac80d7b,10,599.0,4,4,0.0,4,4.25
2646baaf662d4d92ac48f047e35db92d,18,1263.05,15,15,0.06666666666666667,15,4.466666666666667
26562f211dd1364af2a8596dc945e8ae,2,99.0,2,2,0.0,2,5.0
265fdc289dffa9f1ad801c74f7d0de47,1,495.0,1,1,0.0,1,5.0
26785a546900236d66f2e4197c211158,15,1019.2,15,15,0.0,15,4.666666666666667
269c5fc9fcadee614364c3620c30a1f9,6,209.6,3,3,0.0,3,5.0
269cff2d3c8d205c11f37a52402ea93b,5,1281.59,4,4,0.0,4,4.5
26af45f5dfd967225a832838aa4e24a3,11,573.1,10,10,0.0,10,4.1
26b482dccfa29bd2e40703ba45523702,4,344.78,3,3,0.0,3,5.0
26bad72add1f86e08a776ce4ffdaf1ca,7,622.0,7,7,0.0,7,4.428571428571429
26d6bbee02420494d471c9f6436929c0,13,434.51,12,12,0.0,12,4.666666666666667
26d8a1c7c75d513045798992ead43aa2,36,5937.13,34,34,0.08823529411764706,34,4.411764705882353
26e13b6ff5b641b329e5524241ee2c93,4,119.69999999999999,4,4,0.0,4,4.0
26e2c91ef821e1ff8985f408788fe35b,14,1649.4,12,12,0.4166666666666667,12,3.0
26e2e5033827d2ba53929f43e03d8ffe,1,139.49,1,1,0.0,1,5.0
26f6b7ab07be3e9e69ce82a6552efc19,2,54.8,2,2,0.5,2,3.0
270297ead4c65a6cd2593960d2af6b21,19,9344.4,17,17,0.0,17,3.823529411764706
270572bb714b00531be85e16e1550f26,1,96.99,1,1,0.0,1,5.0
2709af9587499e95e803a6498a5a56e9,46,1180.56,25,25,0.12,24,3.9583333333333335
270d3ef21830ad0ecf3a6c53d08a533a,17,471.0,5,5,0.0,5,2.6
271b8923c6a549e02d3c9fd1f8c0422b,1,105.19,1,1,1.0,1,4.0
271c58a1d139c45eaf3316107c6d3a3b,27,3597.63,27,27,0.07407407407407407,27,4.185185185185185
272f092de69afedd4d2969440b37f18f,39,1846.3300000000002,25,25,0.0,24,3.9583333333333335
2745f798279e0ed033addcc1474776d7,32,3668.53,32,32,0.09375,31,3.967741935483871
276677b5d08786d5dce7c2149dcce48b,45,3424.2,31,31,0.06451612903225806,31,4.032258064516129
27a56ff04b34c2ba34ce6ba4d3b9d616,8,349.28999999999996,8,8,0.125,8,4.125
282c7480173bb9c01dd41cc739fec010,8,4274.2,5,5,0.2,4,4.0
282f23a9769b2690c5dda22e316f9941,109,6464.28,98,98,0.04081632653061224,98,4.36734693877551
28405831a29823802aa22c084cfd0649,6,210.0,6,6,0.0,6,4.5
28872dc528e978a639754bc8c2ce5a4c,1,1009.9,1,1,0.0,1,5.0
289cdb325fb7e7f891c38608bf9e0962,125,13410.55,109,109,0.01834862385321101,109,4.587155963302752
28a26ebce31d5918b181ede016fd693b,1,29.9,1,1,0.0,1,5.0
28c7d8743fbc8679f484868cc0fcaefb,3,201.5,3,3,0.0,3,5.0
28d162ab86bb49d719c32f0ee6186eaa,1,109.99,1,1,0.0,1,4.0
28ea411b354f14b1a494be4e79f0ce02,6,820.0,6,6,0.0,6,4.666666666666667
28f10b1c5e5abb9d4857745bede6147c,28,835.0,28,28,0.14285714285714285,28,4.0
28fb0829fd777877cdc350d25cb5bd5b,2,279.8,2,2,0.0,2,5.0
293dee954235e4e4e43f129313625ebe,8,1778.92,8,8,0.0,8,5.0
2953ce3a88f5e3c3b696d77fc9e4c8eb,15,470.0,14,14,0.07142857142857142,14,4.642857142857143
296729ffb9b684050dd24836dac4494a,2,114.0,2,2,0.0,2,5.0
297d5eccd19fa9a83b2630071ff105e4,8,834.97,8,8,0.0,8,5.0
299c89a525fee36c567f4fe72f038100,1,189.0,1,1,0.0,1,3.0
29c322e3f09f886f8bacbe91dfbd979e,2,48.98,1,1,0.0,1,5.0
29e6e05b65f93bc224c644319dc52ecf,4,475.6,4,4,0.0,4,4.75
29fe9f200d3fa0c668d2aa1ec7e08dfb,5,400.0,5,5,0.0,5,4.0
2a1348e9addc1af5aaa619b1a3679d6b,51,2697.4,48,48,0.2708333333333333,47,3.1702127659574466
2a167ca73899c85001a837d8fb4962f6,3,4097.0,2,2,0.0,2,4.5
2a261b5b644fa05f4f2700eb93544f2c,82,5355.0,51,51,0.1568627450980392,51,3.843137254901961
2a50b7ee5aebecc6fd0ff9784a4747d6,2,199.8,1,1,1.0,1,1.0
2a5b78b41cd05baeac8df54c6606b92c,56,15554.28,46,46,0.021739130434782608,46,4.543478260869565
2a61c271b1ac763450d846849783e922,22,1486.77,17,17,0.17647058823529413,17,4.117647058823529
2a6fbeaa7ab9e5d59a35841a8da71ce4,30,1632.79,30,30,0.06666666666666667,29,3.9310344827586206
2a73cba571d90c694b7caca072ccf6ce,2,342.78,1,1,0.0,1,5.0
2a7c6c0b0d5efde2bf75ec1e1cec2d41,3,147.6,3,3,0.0,3,3.3333333333333335
2a7dc43cecabf23403078e2188437d1d,54,4795.91,52,52,0.057692307692307696,52,4.096153846153846
2a84855fd20af891be03bc5924d2b453,159,14989.0,155,155,0.025806451612903226,154,4.376623376623376
2aa3443d7bf9d9bb11133f420d75e083,10,647.0,10,10,0.2,10,3.0
2aafae69bf4c41fbd94053d9413e87ee,2,94.0,2,2,0.0,2,4.5
2addf05f476d0637864454e93ba673d5,12,4552.0,12,12,0.0,12,5.0
2b03ac196f5ed62ac483960fe0fa3b65,7,843.1,7,7,0.14285714285714285,7,4.142857142857143
2b1a40c1daabc6ca280c4b815c101841,33,12342.6,22,22,0.045454545454545456,22,3.8181818181818183
2b2fed75b8e5ea3a052fc4c0825da485,4,510.9,3,3,0.0,3,5.0
2b3b9ce054da76a7428df143a567b156,6,301.0,5,5,0.0,5,3.6
2b3e4a2a3ea8e01938cabda2a3e5cc79,54,23629.15,52,52,0.0,52,4.365384615384615
2b402d5dc42554061f8ea98d1916f148,1,299.89,1,1,0.0,1,5.0
2b5ed0c9139dae8883a200dfcb272ece,4,85.41,4,4,0.25,4,4.25
2ba91c7ad80ff88b23b7db823b43c233,6,740.4,6,6,0.16666666666666666,6,3.8333333333333335
2bd05d410a8fd26dc4184a15f4f2f588,7,1316.73,6,6,0.0,6,5.0
2bdb95a56a36ebbc6640337ac5eac174,1,89.9,1,1,0.0,1,5.0
2be17df1c49978426251562096c3cc09,16,2165.0,16,16,0.0625,16,4.1875
2bf28e311bba65237358230cabac3f15,8,294.0,7,7,0.2857142857142857,7,3.7142857142857144
2bf6a2c1e71bbd29a4ad64e6d3c3629f,31,50628.9,30,30,0.06666666666666667,30,4.166666666666667
2c00c85d30361cd2ced2969cffbbffa3,1,49.8,1,1,0.0,1,5.0
2c2c9832d1bb38c5b0034a3b47d313ee,1,49.9,1,1,0.0,1,3.0
2c3d56f92f360fb89d849b84e8f50eae,7,425.1,7,7,0.14285714285714285,7,3.4285714285714284
2c43fb513632d29b3b58df74816f1b06,3,858.0,3,3,0.0,3,3.6666666666666665
2c4c47cb51acd5ea5db5e0ae0e26542a,15,2575.9,12,12,0.0,12,4.666666666666667
2c538755f1ca9540af144f266e70df6c,1,334.99,1,1,0.0,1,5.0
2c54051840f19eca309a5423cf22df36,2,23.7,2,2,0.0,2,4.5
2c9005d8043aff18b8557ffb7b13cda4,1,109.9,1,1,0.0,1,5.0
2c9e548be18521d1c43cde1c582c6de8,171,6013.56,124,124,0.1532258064516129,122,4.131147540983607
2cb4700db635baa1c0d4f90ed27b6669,2,199.8,2,2,0.0,2,2.0
2cb6eb1b7185064167657fa09f541105,7,1217.9,6,6,0.0,6,4.333333333333333
2cb98e27ce1c18abdb42209b34c382a7,1,62.49,1,1,0.0,1,4.0
2d20f1cd18725c91147da0791d498022,1,99.8,1,1,0.0,1,5.0
2d22fc3089eb907b29ebff50581fb472,3,317.70000000000005,3,3,0.0,3,3.6666666666666665
2d2322d842118867781fc737e96d59a1,10,176.4,8,8,0.125,8,4.875
2d2c62bef4c8ba0dd74e0e228e808539,16,3749.0,16,16,0.125,16,4.125
2d34636518ba88f5349b732fcf8ba2e4,1,150.0,1,1,0.0,1,5.0
2d378dbb39815785238c0139c7647fb7,2,1154.0,2,2,0.0,2,5.0
2d42ebcda99fd55f6f4bc2f1ca035d50,11,921.5,10,10,0.0,10,4.3
2d50d6282f8aa2257819a77bfaa0efe0,43,3008.48,42,42,0.09523809523809523,42,3.8095238095238093
2d518637f53161b973e01f56ea4bb88e,13,1219.8899999999999,13,13,0.0,13,4.923076923076923
2d8cfba3fcd3170555941605edaa196a,1,45.0,1,1,0.0,1,5.0
2d9e8987a2ea5cf88dce330249043ff1,2,239.8,2,2,0.0,2,4.5
2dcf93836ae3ce0d7c93e2f10876467a,12,1443.8,9,9,0.2222222222222222,9,4.111111111111111
2dd1fb6f0e42a2243b8a01e40cd41216,4,686.89,3,3,0.0,3,3.6666666666666665
2dee2ce60de9709b1a24083217181a1f,55,7784.5,54,54,0.018518518518518517,54,4.425925925925926
2e0dba2da448400b1c11d7b4b22f32a4,13,235.87,7,7,0.0,7,3.142857142857143
2e13c71026e1a39ba5cc1b86dcb679aa,28,3793.0,24,24,0.041666666666666664,24,4.375
2e1a7d075abe038c1b2743005fe42ff1,22,1366.8,18,18,0.16666666666666666,18,4.222222222222222
2e1c9f22be269ef4643f826c9e650a52,167,12170.24,161,161,0.062111801242236024,160,4.24375
2e2f44824ab87a0cb961f68bf4073e7f,1,48.0,1,1,0.0,1,2.0
2e3be8a987a30d7544dbbda6861cc14e,15,2472.86,14,14,0.07142857142857142,14,3.7857142857142856
2e7ea2aafec5835e781b21d6d1faf1f1,7,528.4,7,7,0.14285714285714285,6,4.5
2e90cb1677d35cfe24eef47d441b7c87,137,13894.710000000001,127,127,0.12598425196850394,127,4.118110236220472
2ea0861cc19e94cad86438c984c52da4,6,165.6,6,6,0.0,6,3.3333333333333335
2eb70248d66e0e3ef83659f71b244378,197,38990.72,187,187,0.11229946524064172,184,2.7934782608695654
2ec6e37d992a95eaddb3369dcbcc76d9,2,159.8,2,2,0.0,2,1.5
2ee0a0689f2f6a72f35a7cb6033f6e7e,4,272.0,4,4,0.0,4,4.0
2eeb6531ee027a48d401e72bebdd87d3,3,38.7,3,3,0.0,3,4.333333333333333
2ef086a599b597572aca4433b7ed6b3d,1,49.0,1,1,0.0,1,5.0
2f09f7d37a97956d11cc1a7cadd5262b,8,625.0,7,7,0.14285714285714285,7,4.0
2f1e7b90e01d9f086cbcb301c0c3d406,1,59.0,1,1,0.0,1,5.0
2f3d8b4c9e2ee165075331fea3f3095a,1,130.0,1,1,0.0,1,5.0
2f4b0d3b9634b647d4edee577d7ebb7e,11,337.9,10,10,0.0,10,4.9
2f4b9d112bfa44a214bc6cef085d17c8,5,275.09,4,4,0.0,4,4.25
2f73e04d12cdf0c945ded66bb3fcf6c7,3,1359.0,3,3,0.0,3,3.3333333333333335
2f74af7a0ee5636f12c2336f9fffed47,13,560.6999999999999,13,13,0.0,13,4.3076923076923075
2f9b7ce230a057a98a9f5df5893ee36c,2,141.82,2,2,0.0,2,4.5
2fa13c8bd5705d279f7ed5cc9ec61c68,4,87.4,2,2,0.0,2,5.0
2fb25ab44bdbeae6a4d816e0d0c9d500,5,683.08,5,5,0.0,5,4.8
2fdde51ad3e12f297da656d4fbd5d0b5,9,5803.0,9,9,0.0,9,4.777777777777778
2ff6b7bff164ef05590a52734e1296da,7,1803.59,7,7,0.0,7,4.714285714285714
2ff97219cb8622eaf3cd89b7d9c09824,94,4339.1,87,87,0.034482758620689655,87,4.540229885057471
3076499bbc033a927bf4a8a41bcf7fd4,9,359.33,7,7,0.0,7,4.285714285714286
3078096983cf766a32a06257648502d1,61,7910.84,56,56,0.03571428571428571,56,4.303571428571429
30829ded4523ab9224b93bc49a62c95f,31,6911.71,18,18,0.05555555555555555,18,3.7777777777777777
3092c0b297aacfb4bb6e056ebe13b9b8,17,1184.3000000000002,16,16,0.0,16,4.125
30a2f535bb48308f991d0b9ad4a8c4bb,87,4731.3,71,71,0.028169014084507043,71,4.28169014084507
30a81d8cf85fb2ada1b1b094c9583a95,20,1245.42,17,17,0.0,17,4.823529411764706
30c7f28fd3a5897b2c82d152bb760c17,6,1849.38,6,6,0.16666666666666666,5,1.4
312ba1d77e9c332ef21f9598b7f64cd7,7,513.0,7,7,0.5714285714285714,7,3.142857142857143
31344c16881c08a8a72c6d2eb29918c1,42,9365.8,42,42,0.047619047619047616,42,4.428571428571429
31561f325664a8a7aba4c8d0c3a9b3db,38,2702.19,36,36,0.0,36,4.638888888888889
318f287a62ab7ac10b703ac37435a231,61,2432.48,51,51,0.09803921568627451,51,3.9215686274509802
31ae0774c17fabd06ff707cc5bde005f,11,6719.85,11,11,0.09090909090909091,11,4.0
31be790e64fc99f8ff48ec2bd18a3104,6,241.39999999999998,6,6,0.3333333333333333,6,4.333333333333333
31da954dc0855f2495c6310f70a2f931,30,4583.0,29,29,0.06896551724137931,29,4.206896551724138
31e60bf8d103ce47932a85f5562deb16,1,181.0,1,1,0.0,1,5.0
31eec405c9bb71dec8e2629a92e764fa,5,256.89,5,5,0.0,5,4.6
323ce52b5b81df2cd804b017b7f09aa7,29,2374.3,29,29,0.13793103448275862,28,4.428571428571429
324583d68897f5ddbaf38f6248322176,3,84.0,2,2,0.5,2,1.0
325f3178fb58e2a9778334621eecdbf9,46,981.6999999999999,36,36,0.0,36,4.444444444444445
327b89b872c14d1c0be7235ef4871685,3,1177.0,3,3,0.3333333333333333,3,2.3333333333333335
3289d8c3eef4873f91ce0b1343c0dd58,1,199.99,1,1,0.0,1,5.0
328acb143b4a73aad6bee8e734f5d20d,2,699.98,2,2,0.0,2,4.0
3296662b1331dea51e744505065ae889,1,517.8,1,1,0.0,1,5.0
32b8764b4ef628b53608fc34011fcc13,38,8884.0,36,36,0.027777777777777776,36,4.194444444444445
32e5635e63cb374eb63afdd242fb6134,1,910.0,1,1,0.0,1,5.0
32f1bb9dfa65bc7df5c0d9d95a616be4,5,246.49,4,4,0.25,4,4.0
32f83ffe11cd40f7adcf4eef171f52d9,1,29.99,1,1,0.0,1,5.0
32fdd5d44ecb43dfd6a24b9369eca144,8,479.2,8,8,0.0,8,4.375
333c4210e76a1aa2ab817b99437e3ff1,2,335.0,2,2,0.0,2,5.0
3340ef1913fb70d28420f6ceb685c339,42,6731.15,32,32,0.03125,32,4.375
334cab711dee080b079fa5779b584783,26,1069.7,11,11,0.0,11,4.909090909090909
33576ec5412fb5905d876f12f33bfde6,32,2718.0,31,31,0.03225806451612903,31,4.096774193548387
3361277dc30b7cccdb0c286b24219756,42,3905.05,29,29,0.06896551724137931,29,4.344827586206897
3364a91ec4d56c98e44174de954b94f6,6,3579.94,6,6,0.0,6,3.8333333333333335
33a17d60c64393351ebf1ef860f4e0f2,47,8152.4800000000005,43,43,0.023255813953488372,43,4.627906976744186
33a6f4b1e7cdc205511e76ba1b6e0186,126,10295.01,105,105,0.01904761904761905,105,4.40952380952381
33ab10be054370c254ddfcf0a6253422,4,213.2,4,4,0.0,4,5.0
33ac3e28642ab8bda860a2f693000e78,35,3661.03,34,34,0.0,34,4.205882352941177
33c51922b6e3c16b24a8f28e5833c99d,20,6657.87,18,18,0.05555555555555555,17,4.235294117647059
33cbbec1e7e1044aaf11d152172c776f,16,730.67,15,15,0.0,15,4.733333333333333
33cbda8716511e27e556dff9d8418bf2,6,507.40000000000003,5,5,0.0,5,4.8
33d677f27a69b84051204ee4ae76eaca,10,165.0,9,9,0.0,9,4.555555555555555
33dd941c27854f7625b968cc6195a552,5,6787.5,5,5,0.0,5,4.4
33fd411ed63a7c2f9005e3f065d9f85d,1,24.9,1,1,0.0,1,4.0
34056b8b55c1775a22af2331670a799c,77,6398.7,77,77,0.11688311688311688,77,4.038961038961039
340636a908b13bbe0f4fb63fbe1d0c03,3,490.5,3,3,0.0,3,5.0
343e716476e3748b069f980efbaa294e,24,922.5999999999999,17,16,0.0625,16,4.3125
3442033154be05bac582e173ef54fd12,1,161.0,1,1,0.0,1,5.0
344223b2a90784f64136a8a5da012e7f,1,10.9,1,1,0.0,1,2.0
3442f8959a84dea7ee197c632cb2df15,3,218.70000000000002,3,3,0.3333333333333333,3,3.0
34675b28b826facfde119785bf287dc1,1,21.99,1,1,0.0,1,4.0
3481aa57cd91f9f9d3fa1fa12d9a3bf7,23,1663.1399999999999,23,23,0.0,23,3.9565217391304346
3492e68f37fd1df87f4f2f2ea247f445,9,787.86,8,8,0.0,8,3.875
34a557286ead8fe75c989e0afcf7d98c,4,414.9,4,4,0.0,4,4.75
34d1ca11b242c0fee2c834ae8d788566,41,13422.24,40,40,0.0,39,4.333333333333333
34f563c82a85b99ae9e6d60db5fc2e28,8,2332.3,8,8,0.0,8,4.625
3504c0cb71d7fa48d967e0e4c94d59d9,53,2349.94,53,53,0.0,53,4.415094339622642
35281d148dcf7134bae913c57db4e6da,1,119.99,1,1,0.0,1,5.0
353e21e8bf8de2722b4fae1636664b76,4,208.0,4,4,0.0,4,2.5
35857757f553273b1056c1cabdace7fb,6,454.6,6,6,0.16666666666666666,6,4.0
3586b8580d9c917874e053a1bb37b5ff,43,1524.7,36,36,0.027777777777777776,36,4.416666666666667
35b96509602ec4b7da831b5cd73ff2c2,2,558.9,2,2,0.0,2,4.5
35ef5aa32949680f627efec3c23e705c,5,361.59999999999997,4,4,0.0,4,3.75
35fb511489d9ee3ee27a76debce9df06,7,414.5,7,7,0.14285714285714285,7,3.5714285714285716
365e445f796710c3431557e85caa25db,5,1115.0,4,4,0.0,4,4.5
365e4bce19bda0082c3d15d83fdb8bcd,7,796.4,6,6,0.0,6,4.666666666666667
36890be00bbfc1cdb9a4a38a6af05a69,13,1361.3,13,13,0.15384615384615385,13,4.230769230769231
36a968b544695394e4e9d7572688598f,156,6864.47,148,148,0.033783783783783786,148,3.75
36f98ad67cc981f50ce8aed093d5783c,2,119.4,2,2,0.0,2,4.0
37303482a42fb700d8d127e70a9cd6c8,1,58.9,1,1,0.0,1,5.0
373ee4a3a775a733770ca3f790b8b9ac,22,2141.49,13,13,0.07692307692307693,13,3.923076923076923
37515688008a7a40ac93e3b2e4ab203f,239,5954.1,227,227,0.07929515418502203,225,4.102222222222222
376a891762bbdecbc02b4b6adec3fdda,58,6406.23,57,57,0.03508771929824561,57,4.666666666666667
376d67b61dce0c990155286e7ae486a4,1,94.0,1,1,0.0,1,4.0
3771c85bac139d2344864ede5d9341e3,30,1433.3,26,26,0.11538461538461539,26,3.8461538461538463
377bc18334c78dd2f1535ef22a3ad225,1,135.98,1,1,0.0,1,5.0
3785b653b1b82de85ab47dd139938091,24,1552.0,21,21,0.0,21,4.714285714285714
37be5a7c751166fbc5f8ccba4119e043,278,54735.55,269,269,0.026022304832713755,266,4.327067669172933
37dd29b36c458d82f74a953c40c43645,8,4536.99,7,7,0.14285714285714285,7,3.857142857142857
38102b031c2a15e54623d711bfc753d3,10,418.0,8,8,0.0,8,4.0
381c83fdca332ea6afd896da20bf6e4a,46,7355.8,46,46,0.021739130434782608,46,4.391304347826087
382229d1e840115ffe3dbf5ff460e417,48,4037.06,45,45,0.06666666666666667,45,4.266666666666667
385799a1cddbd26dfeb9157356a42282,6,551.9399999999999,4,4,0.0,4,4.75
38874e327ce94d11390b96eb42d61928,5,3089.95,5,5,0.2,5,4.2
389e45560e33d2d0747f949dcddbc08e,1,39.0,1,1,0.0,1,5.0
38af8acfd46ac4a7bf754e8ca6736664,5,345.0,5,5,0.0,5,4.8
38e679b9e0064cd94c6f035707344dae,27,3599.25,26,26,0.038461538461538464,25,4.08
38e6dada03429a47197d5d584d793b41,12,596.14,7,7,0.0,7,4.428571428571429
38f276ca6e7cc95a6d1bb55ac9e5550f,1,24.99,1,1,0.0,1,5.0
3903c788ded8dc03b5ebab37a2f3e9a1,5,119.97999999999999,5,5,0.2,5,4.0
391bbd13b6452244774beff1824006ed,1,63.9,1,1,1.0,1,1.0
391fc6631aebcf3004804e51b40bcf1e,592,38559.07,513,513,0.08771929824561403,510,4.06078431372549
392353362d22cc2c236e1ee81ff19890,10,288.7,5,5,0.0,5,4.6
392e0502231ae2f8b29994ef6398cd77,17,1572.9,17,17,0.11764705882352941,17,4.352941176470588
392f7f2c797e4dc077e4311bde2ab8ce,2,52.0,2,2,0.0,2,5.0
3935fe5fe0f82787a9dcb8deb62be09d,17,1681.69,16,16,0.125,16,4.0
3968920b9aa752ab98f7d5888c9252f2,10,523.3,8,8,0.125,8,3.875
3969863bb8af7f72580b3b1ffd3a17b3,13,623.15,12,12,0.0,12,4.083333333333333
397c4d0c005b6f41f90098ac724e28cb,5,8177.0,5,5,0.4,5,4.4
3985a3c45be355a4c57fde108bfabd1c,8,344.2,7,7,0.0,7,4.0
3986c0b54f6b748b75e7bd4e092aa3e5,1,24.99,1,1,0.0,1,5.0
398cb257329ef7af7f1943a8974a3cbc,1,145.9,1,1,0.0,1,5.0
39a5005f2605cbdb4f9ac14485cabfd1,8,501.07,3,3,0.0,3,5.0
39c763cca83e654764b7a4a650fb9b7c,11,761.0,11,11,0.18181818181818182,11,3.8181818181818183
39d54ff918774174706fb065d7f9dc07,24,1554.69,22,22,0.09090909090909091,22,4.045454545454546
39d61be7a92eb77b7da367bd4845bc0e,14,700.59,7,7,0.0,7,4.0
39f776d2974049026ff531fc42ef2a3e,4,1084.04,3,3,0.0,3,3.6666666666666665
3a1a1fec38dd360f15fc912e821e169d,15,2007.38,15,15,0.26666666666666666,15,3.8666666666666667
3a3c180dd702a725bd0ba4117689239e,1,41.9,1,1,0.0,1,4.0
3a3e46d10f74d8a6ca76e2b538f106a0,5,299.9,2,2,0.0,2,4.5
3a4127e1ba7208ea37044c5092aae170,5,1842.6999999999998,5,5,0.0,5,4.0
3a490ba60afa30ece0e7d50cfe74a4f0,8,1529.2,8,8,0.0,8,4.625
3a52d63a8f9daf5a28f3626d7eb9bd28,1,35.0,1,1,0.0,1,1.0
3a734b715d333a2588a3d54a0c9b8746,21,2121.52,15,15,0.06666666666666667,15,4.533333333333333
3a79f35a2344ede41af21267f61d5ec6,1,186.0,1,1,0.0,1,1.0
3aa3c89ae3cd482385568be76120f63c,1,29.9,1,1,0.0,1,4.0
3ab971ce71839580d2ae5b4e40fe8044,37,4917.0,35,35,0.05714285714285714,34,3.911764705882353
3ac588cd562971392504a9e17130c40b,1,11.9,1,1,0.0,1,5.0
3ade81dab5a172b88e1871c28ae05260,30,5383.6,28,28,0.10714285714285714,27,4.185185185185185
3afc536624bc2e65bddfb5db33cc01f3,6,312.0,6,6,0.0,6,3.5
3b15288545f8928d3e65a8f949a28291,118,13764.82,101,101,0.06930693069306931,100,4.08
3b18f9856c6eb2413eafedb58e9eecd9,1,315.0,1,1,0.0,1,5.0
3b872fd4747f01cc56206f2934198618,27,2726.7400000000002,25,25,0.16,25,3.88
3bb32fedaa74e4ad20f4ce067733bd31,3,103.69999999999999,2,2,0.0,2,4.5
3bb548e3cb7f70f28e3f11ee9dce0e59,53,7690.02,46,46,0.0,46,4.195652173913044
3bdff180c7e1f6551a643b99c265a120,58,3008.2000000000003,56,56,0.017857142857142856,55,4.254545454545455
3be5841cdcc46de4ed3f9116f104b2c5,4,599.6,4,4,0.0,4,4.75
3be634553519fb6536a03e1358e9fdc7,95,5231.02,80,80,0.075,80,4.0
3bfba5a77604f6dfae7e6dd7aaf65821,4,2095.5,4,4,0.0,4,5.0
3c010235b7345c92f125d14ee232a76b,15,3578.0,15,15,0.0,15,4.666666666666667
3c03b12bab54d8b37d79d914bfdb1aa0,43,4236.34,37,37,0.16216216216216217,36,3.8333333333333335
3c3017960b2dbd72711a61f0400aab8f,9,878.9000000000001,9,9,0.0,9,3.888888888888889
3c487ae8f8d7542beff5788e2e0aea83,33,9385.699999999999,30,30,0.03333333333333333,30,4.2
3c4e0452bff7a2a788179488d3d77032,36,3746.4,32,32,0.03125,31,3.838709677419355
3c7c4a49ec3c6550809089c6a2ca9370,158,4002.75,139,139,0.05755395683453238,139,3.6906474820143886
3c88ed2e76a2247933a15daa7161eb1c,1,155.0,1,1,0.0,1,5.0
3ca08eeb8d5595949fed424bd3677742,13,1688.88,13,13,0.0,13,4.6923076923076925
3cfa1358a6caa965278721344c8d76f2,5,3140.2799999999997,5,5,0.0,5,4.8
3d01d1c414c44b5943a09619ff3853cb,4,303.6,4,4,0.0,4,4.5
3d0cd21d41671c46f82cd11176bf7277,11,447.8,9,9,0.0,9,4.666666666666667
3d2400ac620cffa23ac81bd192f7f555,1,105.0,1,1,0.0,1,5.0
3d2531eccfbde1d7c8db7a3a12fb267a,10,1999.54,10,10,0.0,9,4.222222222222222
3d290fe363c60a77498c1126fd3fb8d3,3,198.98,3,3,0.0,3,4.333333333333333
3d39fbf22a665714baf62fae36029e23,8,2504.2,8,8,0.0,8,4.75
3d3ccf2b2f8134b10dce9dd446f0e075,3,608.6,3,3,0.3333333333333333,3,3.3333333333333335
3d4824f20035949c710eaf111f869d39,9,449.97,8,8,0.125,8,4.0
3d49bfdd1b43a7fe169b3740067acc61,3,215.0,3,3,0.0,3,4.666666666666667
3d4b1ae7539303b5704493798893e82c,9,1076.0,6,6,0.0,6,4.833333333333333
3d5d0dc7073a299e31fa718ce1bc00b6,22,674.8,21,21,0.047619047619047616,21,4.428571428571429
3d621842b2ed28e2b474132480edac3c,8,873.9300000000001,8,8,0.0,8,4.625
3d62f86afa7c73be2628a3be1423f5a0,2,12.0,2,2,0.0,2,4.0
3d68c634a99a1ba46dbca3967a69c623,2,594.0,2,2,0.0,2,5.0
3d700782d7818f2c1e0d7a9e9d75fc00,3,149.7,3,3,0.3333333333333333,3,3.6666666666666665
3d871de0142ce09b7081e2b9d1733cb1,1131,93407.4,1064,1064,0.05451127819548872,1053,4.1918328584995255
3d8fa2f5b647373c8620330c4e077a9f,47,3501.74,42,42,0.023809523809523808,41,4.2439024390243905
3da38366e7bd9baf6369071f782ecdf0,1,59.47,1,1,1.0,1,1.0
3db66a856d18a9cba7c9241fc5221c50,97,9478.300000000001,94,94,0.10638297872340426,94,4.202127659574468
3dbbce181edfaa4a597ec858c382d2ec,20,848.3,17,17,0.058823529411764705,17,4.235294117647059
3dc69bf2c42f0568a5c4791ec3fd3745,1,150.0,1,1,0.0,1,3.0
3ded4e2d5f135cb103e5949d7263d2dd,1,49.9,1,1,0.0,1,5.0
3df020b72d3d44b3af9d110fa3940b65,101,5039.9,55,55,0.09090909090909091,55,4.054545454545455
3dfd3dc96f7f8598eca74e9ac8a2fa31,6,183.0,6,6,0.16666666666666666,6,4.0
3e35a8bb43569389d3cebef0ce820f69,2,55.8,1,1,0.0,1,5.0
3e46a38ee171c503c3b4a3f23fe3bf0c,1,59.9,1,1,0.0,1,5.0
3e51f9cbe317bc3a88f2c76583811ee4,1,76.09,1,1,0.0,1,5.0
3e8bd881d92466e63ba9e3e809cd3c50,9,1862.38,8,8,0.25,7,4.571428571428571
3ea00e1dea2b0659dbaf654735929220,7,505.0,7,7,0.0,7,4.857142857142857
3ea08c48e851106d2f584349daba335f,1,170.0,1,1,0.0,1,4.0
3ef37b7ca6dd2b80bd8af81a62504996,2,700.0,2,2,0.0,2,4.5
3f0e48d209018b466fcd3bb4ccfeb520,10,5399.0,9,9,0.0,9,3.888888888888889
3f2af2670e104d1bcb54022274daeac5,7,973.6,6,6,0.16666666666666666,6,3.3333333333333335
3f3486b61f45078d4f31ee5e43d8c5bb,39,3769.73,39,39,0.10256410256410256,39,4.333333333333333
3f8034bfc6b8b4135534975d49f04c63,14,1273.9,11,11,0.0,11,4.0
3f84fefc07dc159b268d4a77d3e8c425,3,200.6,3,3,0.0,3,5.0
3f995f07c49d0d55a99d5c54957f7d81,43,3955.7,43,43,0.023255813953488372,43,4.209302325581396
3f9be91358837bff69df67edfa3e42e8,7,569.7,7,7,0.0,7,4.428571428571429
3f9c56764fabca627406093dcb3ef0b4,7,909.3000000000001,7,7,0.0,7,4.714285714285714
3fac58ce0ad699020c7944d53c41329c,16,1244.95,10,10,0.0,10,4.4
3fadb4cba4c35bce6a7eaf9872d5623a,5,209.5,3,3,0.0,3,3.3333333333333335
3faf68a3b0af94b10bac70d86077be49,7,1322.93,7,7,0.0,7,4.571428571428571
3fd1e727ba94cfe122d165e176ce7967,36,2747.4,35,35,0.2,35,3.942857142857143
3fe7120d6257285ac6a3ce7cb071ccec,2,199.98,2,2,0.0,2,3.5
3fefda3299e6dfaea3466ef346a3571a,1,209.0,1,1,0.0,1,4.0
4003520d80d0bad1d5623f7aa3c63cda,1,70.0,1,1,0.0,1,1.0
402916f742e5c740cc751493d9cf5053,10,1252.0,9,9,0.0,9,4.666666666666667
403aa86912527d730337ffcb0fb096ab,11,8959.89,11,11,0.0,10,4.0
4049512728d969bec69f84088b012416,9,389.84,7,7,0.0,7,5.0
404e1ba01358af4cd63f679b2c4d1fa1,12,373.9,8,8,0.0,8,5.0
406740ee611378a662d274c7d8c43c4a,10,1790.0,8,8,0.125,8,4.375
406822777a0b9eb5c50e442dd4cd3ec5,46,3548.09,44,44,0.11363636363636363,43,4.325581395348837
4091f77d8c768fc3e81c20761471761d,8,1079.0,8,8,0.25,8,2.75
40d54b51e962dbe09cabbcfd33298dee,31,6785.5599999999995,30,30,0.0,30,4.0
40db9e9aa57f7bb151bcda6b0f9bdbb7,12,23168.0,12,12,0.08333333333333333,11,2.3636363636363638
40ec8ab6cdafbcc4f544da38c67da39a,2,117.8,2,2,0.0,2,5.0
411f3b52d857390502ee4e4d5ceabc2d,30,1804.01,21,21,0.09523809523809523,19,4.105263157894737
4125d9385a25e82d2f72d3a0fd55bc3f,1,42.9,1,1,0.0,1,5.0
412a4720f3e9431b4afa1476a1acddbe,22,2058.1,21,21,0.047619047619047616,21,4.238095238095238
4170f6a9367e6b5d6401d03ce6d54569,5,568.78,4,4,0.25,4,4.0
417a1e6c7321084d2a0ae0d023cfad93,1,48.9,1,1,0.0,1,5.0
41958cbd3335433c8740300e8cd600d5,1,32.99,1,1,0.0,1,5.0
41ab63a91b8b264e8c8780368bf1dd5b,13,2571.95,12,12,0.0,12,4.25
41b14765bd56c8ad10971074380f9c0c,10,395.5,8,8,0.0,8,4.625
41b39e28db005d9731d9d485a83b4c38,223,16306.75,187,187,0.0481283422459893,187,4.18716577540107
41b86b552e54e3a7009596125aa8b167,11,1595.3,10,10,0.0,10,4.3
41c2bad7229b0c25e6becf179ebf63ff,23,782.0,20,20,0.0,20,4.95
41c9d3997dd3c072c31139dc5bb5761f,3,998.8,3,3,0.0,3,4.333333333333333
41da412d33e8da4f22baf55cb1bde82c,21,862.9,15,15,0.0,15,4.666666666666667
41e0fa5761c886a630994a55c12087e7,5,423.6,5,5,0.0,5,5.0
4200ddf1967c5e41e48db62bc6d4b5ac,42,734.8,22,22,0.045454545454545456,19,4.2631578947368425
4221a7df464f1fe2955934e30ff3a5a1,5,849.5,5,5,0.0,5,4.8
422be4cc81a457fdb46f47edeb968ae5,1,239.9,1,1,0.0,1,5.0
427165bf50f8ca07efc7bdc2bfcf1688,5,1603.5,5,5,0.6,5,3.2
42b6488f5b8246d9141712abd4b1b693,2,247.99,2,2,0.0,2,4.0
42b729f859728f5079499127a9c2ef37,131,4096.96,103,103,0.07766990291262135,102,4.480392156862745
42bde9fef835393bb8a8849cb6b7f245,39,7574.0,34,34,0.029411764705882353,34,4.352941176470588
42d4b7e70819438f5ada61c965e92d7e,3,49.6,1,1,0.0,1,1.0
42ef3192a9ff87a22d1867b74b3ee205,23,1354.0900000000001,23,23,0.0,23,4.6521739130434785
42fa4ee7240e9b8eb4576358ec142ba7,22,3845.7,22,22,0.0,21,4.809523809523809
42fb44130ac3134cde8e35cf8ec7df25,2,43.8,2,2,0.0,2,5.0
430315b7bb4b6e4b3c978f9dfa9b0558,20,2864.4,19,19,0.05263157894736842,19,3.9473684210526314
4305fe92735c8a43d154ff6dd2b8d927,19,2606.1,17,17,0.0,17,4.176470588235294
431050a06a317f2b38168dec3dcd2b46,10,1370.0,10,10,0.0,10,4.5
431af27f296bc6519d890aa5a05fdb11,124,12974.6,116,116,0.13793103448275862,115,3.8
4324dd16853115efb0fd9d0d131ba6f4,18,1052.25,12,12,0.08333333333333333,12,4.083333333333333
432c37c9dfba871172ec162e20118b8c,55,2679.87,44,44,0.09090909090909091,44,4.25
43402bdf22aa2310e8f99e2f94f78628,5,649.95,4,4,0.0,4,2.5
4342d4b2ba6b161468c63a7e7cfce593,2,528.9,2,2,0.5,2,1.0
436bf27f2f18474fc6047702e9f8a866,1,29.9,1,1,0.0,1,5.0
4371b634e0efc0e22b09b52907d9d469,111,8168.0,101,101,0.06930693069306931,100,4.48
43753b27d77860f1654aa72e251a7878,1,23.9,1,1,0.0,1,5.0
4391ea5c5990502176a1dcda44a2373d,5,2349.0,3,3,0.0,3,4.666666666666667
439a47cc365d6e3bd526812ea9de3c29,13,1186.5,8,8,0.0,8,4.25
43a1d4bab73b816e44ef4e4facd9f9b5,1,189.9,1,1,0.0,1,4.0
43a5d4a57af536fddc96d08be3afdfcb,1,75.0,1,1,0.0,1,1.0
43b2c864251aa0ce4030c746984e088a,2,94.8,2,2,0.0,2,3.0
43f8c9950d11ecd03a0304a49e010da6,41,4249.59,41,41,0.04878048780487805,41,4.560975609756097
44073f8b7e41514de3b7815dd0237f4f,151,18380.64,142,142,0.035211267605633804,141,3.74468085106383
440dd6ab244315c632130ecfb63827b1,89,12829.300000000001,88,88,0.13636363636363635,88,3.8636363636363638
443d880f15cbd3572885e1d44bf2c478,2,94.8,1,1,0.0,1,2.0
4450bd8327d471c4a11a83d1445b1b62,1,199.0,1,1,0.0,1,5.0
446cc09cdbb130904da114e807dbec40,3,252.8,3,3,0.0,3,4.666666666666667
44717f64ec2a457979cf83c429077666,3,107.0,2,2,0.0,2,5.0
447d377bdb757058acb569025ee18a93,1,64.99,1,1,0.0,1,5.0
44ed138eca6214d572ce1d813fb0049b,3,129.79,2,2,0.0,2,4.5
44f091b5abab8018f682fce8124b85e5,3,354.4,3,3,0.6666666666666666,3,3.6666666666666665
45213867cefbf2cd4c6177e10216a951,14,4955.42,14,14,0.07142857142857142,14,3.857142857142857
4559697a8f7e637227c2eeaed843baff,39,3486.3,39,39,0.07692307692307693,39,4.205128205128205
455befea1bb853c75ccbca94cff26e5c,1,19.99,1,1,0.0,1,3.0
455c5640e8c5bd1b2ee85c0158f85727,8,6729.5,8,8,0.0,8,4.5
455f46ef09a9e45667e2981df84b5cc2,1,29.9,1,1,0.0,1,4.0
457fe919b032a3f7dadba6fb92cf7855,12,1104.89,9,9,0.0,9,4.777777777777778
458c6fa920810ce2492da71bc26d9eec,2,756.76,2,2,0.0,2,2.5
458d868c9642f55f18f04e951a3fdde6,2,2718.0,2,2,0.0,2,5.0
45a3d05fb00435e52a28859dd03703b3,1,1299.0,1,1,0.0,1,5.0
45ba18c210d42734ec52c0c1c574e9ee,38,5099.44,35,35,0.05714285714285714,35,4.114285714285714
45c20d94d9171b0bcfab3c955e47d67b,4,129.45999999999998,4,4,0.0,4,4.5
45d33f715e24d15a6ccf5c17b3a23e3c,57,4482.0,55,55,0.05454545454545454,55,4.163636363636364
461ff5303b6c9c1a4a07f40c5aece516,3,102.69999999999999,3,3,0.0,3,3.6666666666666665
466222e777149751370e7e98fb623b0c,1,87.9,1,1,0.0,1,5.0
4677a5437afda5fa7140b927b07be1cc,11,3415.7,11,11,0.09090909090909091,11,4.363636363636363
46dc3b2cc0980fb8ec44634e21d2718e,513,120566.48,494,494,0.058704453441295545,489,4.288343558282208
46ef1a25845fc051c2998d878354810c,5,250.41,5,5,0.0,5,4.4
4736e9d642ef4257cd7622516931eb51,20,1078.8700000000001,16,16,0.0,16,4.125
47648caee88ccfe951fbb27fbf7b4cbe,3,1564.99,3,3,0.3333333333333333,3,3.6666666666666665
478bfe564db21eeb44386606aa30b650,3,182.70000000000002,3,3,0.0,3,4.666666666666667
47efca563408aae19bb7206c2d969ea9,11,2383.0,11,11,0.0,11,4.363636363636363
47f55702f598c7c6cc8458b0fbc1c49a,1,75.0,1,1,0.0,1,5.0
48162d548f5b1b11b9d29d1e01f75a61,89,20109.39,66,66,0.015151515151515152,66,3.984848484848485
4830e40640734fc1c52cd21127c341d4,212,9490.5,204,204,0.049019607843137254,204,4.2254901960784315
48328ec9a579151d9cc6a86d4a59336c,1,1099.0,1,1,0.0,1,2.0
483ca627d131e18f988349b1655c0acd,1,264.0,1,1,0.0,1,5.0
48436dade18ac8b2bce089ec2a041202,147,11821.11,134,134,0.07462686567164178,134,4.104477611940299
485452467ff670447e84a8370c3fc898,3,175.7,3,3,0.0,3,4.666666666666667
4867209cb29b56b92893d7bde3ce8012,1,150.0,1,1,0.0,1,4.0
4869f7a5dfa277a7dca6462dcf3b52b2,1148,226987.93,1124,1124,0.10498220640569395,1116,4.150537634408602
48985c61529077fa4f1e38bcff0f2ed3,7,879.3000000000001,7,7,0.0,7,4.428571428571429
48b6c3f4c6a93171da04b75313f2130f,2,290.26,2,2,0.0,2,5.0
48bad451945f5227341793478d6353ea,3,307.0,3,3,0.3333333333333333,3,4.0
48e5ee06fb2dc74df1c711a9b6dfac2a,3,57.0,1,1,0.0,1,5.0
48e954b2da4f6a750c844173b347ed40,6,397.79999999999995,2,2,0.0,2,4.5
48efc9d94a9834137efd9ea76b065a38,33,334.7,32,32,0.0,32,5.0
48fb026ed7455a42f5d3e9390ed5088e,9,489.73,9,9,0.0,9,2.888888888888889
49067458c68f7701fd334ce326accbe0,37,1047.6499999999999,17,17,0.0,17,3.3529411764705883
4917cee8d902e13428c3ec4b1ca6f315,31,5103.9,31,31,0.03225806451612903,31,4.161290322580645
491a5ada3aa1678414e990262c4bbdc1,1,1420.0,1,1,0.0,1,5.0
49383af7ab774e4e8f3000f49c83dc4b,12,660.0,8,8,0.0,8,4.375
4965a7002cca77301c82d3f91b82e1a9,1,8.49,1,1,0.0,1,5.0
497709c2976a8fa308730a2dec5b0726,2,76.0,1,1,0.0,1,5.0
4978a02ea9c8be7a9b5480680f40334e,19,2356.61,18,18,0.0,18,3.5555555555555554
499185655c29ecfdbfe776ef7cf875b5,1,89.0,1,1,0.0,1,4.0
4992e76a42cb3aad7a7047e0d3d7e729,73,2171.2,56,56,0.05357142857142857,56,3.9642857142857144
499ec63c58e51296c9cf57edcfe1c8a8,5,365.0,5,5,0.0,5,4.8
49cdc90518a4f82676b38b3c1aa43ff6,5,1539.5,5,5,0.0,5,3.8
49e7217cfe4e427191c378ec626d8737,13,2868.8,12,12,0.0,12,4.083333333333333
49f8d2ea7b718d0ce587d34207caf2b4,1,149.9,1,1,0.0,1,5.0
4a1917ef994878940e1fb03eeb787ad7,3,768.0,2,2,0.0,2,3.0
4a1f694197d05fe70026b016a7316b41,23,907.77,14,14,0.07142857142857142,14,4.571428571428571
4a23adac87cf538689fa600d976f78b2,3,405.0,3,3,0.0,3,4.333333333333333
4a3ca9315b744ce9f8e9374361493884,1949,196882.12,1772,1772,0.09706546275395034,1753,3.8533941814033086
4a3ccda38b2129705f3fb522db62ca31,73,16169.09,64,64,0.0625,64,3.9375
4a5b36211b1f51bf7eaa5c10a57fa483,1,139.19,1,1,0.0,1,5.0
4a82168aaef173cbb6e46ae88728f919,4,512.0,4,4,0.0,4,4.0
4a82c4af97ffc0fb2dc26bfdc03b1842,3,143.7,3,3,0.0,3,5.0
4aba391bc3b88717ce08eb11e44937b2,28,7286.88,27,27,0.14814814814814814,27,4.0
4aba6a02a788d3ec81c03137144d9a80,1,89.9,1,1,0.0,1,5.0
4b0fdb526525f9890eb145bf1534640e,20,2419.0,18,18,0.0,18,4.055555555555555
4b1eaadf791bdbbad8c4a35b65236d52,4,927.5999999999999,4,4,0.25,4,2.0
4b39558c138930b9e5489c93b6df5fe3,5,1096.7,4,4,0.0,4,4.5
4b5f66b7adcf57f1ecc0d3c07dd6b177,38,6381.78,23,23,0.043478260869565216,22,4.090909090909091
4b9750c8ad28220fe6702d4ecb7c898f,221,15815.4,217,217,0.059907834101382486,217,4.364055299539171
4b98b0428fc1932cc2514ef9ce2505e6,2,327.63,2,2,0.5,2,3.0
4ba52dfeba874da5b9ee7b17c7494f04,11,1463.0,11,11,0.09090909090909091,11,4.363636363636363
4bcec44888b30ba9001234c534716d3f,5,146.0,5,5,0.0,5,4.6
4be6b962d83299498bae2190f95d6566,12,508.8,11,11,0.09090909090909091,10,4.1
4be9ae93c4fc0f41713d71a4194ee1b3,1,109.9,1,1,0.0,1,5.0
4bf2f4ee540798a61f9636d12cd9cc80,30,4995.56,29,29,0.0,29,4.137931034482759
4bf658053d453036c70976bccb2c31b2,2,1742.99,2,2,0.0,2,4.5
4bfc7a4a1cf8d4d2121c27422d9e50b5,40,8124.4,26,26,0.038461538461538464,26,4.538461538461538
4c03b9dd4c11ee2cb35c96c49efc9420,48,6458.6,48,48,0.020833333333333332,47,4.1063829787234045
4c18691b6037662be2df78a765d98ab5,67,3195.52,63,63,0.06349206349206349,63,3.873015873015873
4c1c7281388a33dd06daac44f9fadbd1,5,188.32,5,5,0.0,5,4.8
4c2b230173bb36f9b240f2b8ac11786e,343,14474.57,258,258,0.09302325581395349,254,3.9763779527559056
4c498c7345e89aebad651544829beca0,47,4570.27,47,47,0.10638297872340426,47,4.276595744680851
4c4d546adf3c3868fe19c9ec6e9ffda9,3,111.69999999999999,2,2,0.0,2,4.0
4c60877808f4318ef1107fbeb8f89afa,2,118.0,2,2,0.0,2,4.0
4c61e37f664c3c88aff092aa5ac779d7,8,788.3100000000001,7,7,0.14285714285714285,6,4.0
4c8545742faaf58fafd5fd14d25d75cf,4,3020.0,4,4,0.0,4,4.5
4c8b8048e33af2bf94f2eb547746a916,23,1882.45,19,19,0.10526315789473684,19,3.3684210526315788
4cc43a222a0f94910728b62b97a8c5f8,1,108.5,1,1,0.0,1,3.0
4cc4fd4fdd406a85bbdc1f824b731bd7,2,539.98,1,1,0.0,1,5.0
4ce8b55b4bfa4659184e7becc1fba3f2,2,199.0,2,2,0.0,2,3.0
4cf490a58259286ada5ba8525ba9e84a,7,1075.3,7,7,0.0,7,3.4285714285714284
4d0041cdbe51b4617d95c70b19decc74,8,5235.200000000001,8,8,0.0,8,4.5
4d232b78ab7ef10393dc3807d827bc0d,5,1475.0,5,5,0.0,5,4.4
4d600e08ecbe08258c79e536c5a42fee,5,2534.0,5,5,0.0,5,4.2
4d6d651bd7684af3fffabd5f08d12e5a,389,42999.0,363,363,0.03856749311294766,362,4.223756906077348
4d9fea3499bdc22aa4da4e339365f215,2,192.54000000000002,2,2,0.0,2,5.0
4da0e408c99d2fdc2126dc9fce518060,54,3026.0,44,44,0.0,44,4.409090909090909
4dab98ca6cd6d3df586203cefd28a042,1,154.9,1,1,0.0,1,5.0
4dbd95a08b31ede5c82d3f861cb1ce1a,4,370.78000000000003,4,4,0.0,4,4.75
4dc2e811a1760953cb7c6a590b498943,1,175.0,1,1,0.0,1,5.0
4dc646b9b9e8e411ef48ba000ea3ac6f,5,289.7,4,4,0.25,4,2.75
4ddeb3e828550cddc8d45c8bc36ab2d1,1,152.0,1,1,0.0,1,5.0
4de6e4ba574aa9dfdc824bc44dc47fdd,14,451.1,14,14,0.07142857142857142,14,4.071428571428571
4deebb3199eeafb282ae33229144f94b,5,779.7,4,4,0.25,4,4.0
4e06067cc08b3f41d837768d392c3ee3,46,941.72,31,31,0.03225806451612903,31,4.129032258064516
4e0d109ccfba9a1151c103049880c857,2,279.89,2,2,0.0,2,3.0
4e17c65a516f69d023a2ae78b84f28d6,74,7639.26,61,61,0.04918032786885246,61,4.229508196721311
4e2627090e6e5b9fabba883a37897683,1,39.9,1,1,0.0,0,
4e326052e5dbba8adcd512f3450a307e,6,570.0,3,3,0.0,3,2.3333333333333335
4e42581f08e8cfc7c090f930bac4552a,2,98.0,1,1,1.0,1,1.0
4e480be820e37de1444325ff358c9296,2,430.3,1,1,0.0,1,5.0
4e5725ba188db8252977a4f0227bd462,24,1865.09,21,21,0.23809523809523808,21,3.5238095238095237
4e6015589b781adaa5ce7f1892d06bb1,3,684.0,3,3,0.0,3,3.6666666666666665
4e7c18b98d84e05cbae3ff0ff03846c2,88,9038.9,81,81,0.037037037037037035,80,4.2
4e85b538b0dad58852641540686d0e14,4,361.97999999999996,4,4,0.5,4,3.75
4e8dacf3d38f281ae26c3e0321d92d88,9,2055.46,8,8,0.125,8,3.125
4e922959ae960d389249c378d1c939f5,445,45319.42,411,411,0.09002433090024331,407,3.9656019656019654
4e92348462c75b6c842b994ce84a0ed4,1,69.9,1,1,0.0,1,5.0
4ea2f12dbe91deeacd2c1e74f069a6e6,6,210.2,4,4,0.0,4,4.75
4eb61f060e7dcc1d5a80d806c35cc541,8,1313.0,8,8,0.0,8,3.875
4ebdc7e6cd6102a022dadc49156d4ea8,32,928.6999999999999,29,29,0.034482758620689655,29,3.793103448275862
4eeb99008a0f59d2c7759c59f9a346eb,2,1282.0,2,2,0.0,2,4.5
4ef4c39cf3c24f326434cf0b2e48046a,8,792.0,7,7,0.14285714285714285,7,3.7142857142857144
4f0d637c1197fd65405ebd755ac9f86b,2,199.8,2,2,0.0,2,5.0
4f1f1c8666cdb6442f775c4e8caed465,2,944.98,2,2,0.0,2,5.0
4fae87d32467e18eb46e4a76a0a0b9ce,1,100.9,1,1,0.0,1,5.0
4fb41dff7c50136976d1a5cf004a42e2,3,1230.0,3,3,0.3333333333333333,3,4.0
4fe2f67634d00c021aa01f96b6f2d68e,2,86.8,2,2,0.0,2,5.0
5011f0d93373a4c5753adf58ca77af8d,21,859.52,11,11,0.09090909090909091,11,4.090909090909091
503c1de08ae81a2d86f17951b204db55,22,4906.99,22,22,0.045454545454545456,22,4.409090909090909
5058e8c1e82653974541e83690655b4a,77,9812.83,62,62,0.11290322580645161,61,3.2459016393442623
5075aaa8404020ae6aa8bf4792099b41,15,1572.88,10,10,0.0,10,3.9
50770d25768b0486d89be26afca3108f,6,171.76999999999998,6,6,0.16666666666666666,6,4.0
508808d438fe2ff972ed13bb8f4a82e2,10,234.84,9,9,0.0,9,4.666666666666667
50a7e551a7b3f8d37cd6e32d8bfbe5ea,1,140.0,1,1,0.0,1,5.0
50bf89f1349bc0409a268c3a49678009,1,179.9,1,1,0.0,1,5.0
50c9975695009e5e6473912e83a6d1da,68,3964.4,50,50,0.14,49,3.938775510204082
51209b446b2073894bdc0face6c73ffc,4,359.6,2,2,0.0,1,4.0
512d298ac2a96d1931b6bd30aa21f61d,12,7401.94,11,11,0.0,11,4.2727272727272725
513a54369b6a8a6602fcb0e129c6d78d,2,47.8,2,2,0.0,2,4.5
5145090ab595c0d0b8557199f5701fbf,4,1459.6,4,4,0.0,4,4.25
5151aea44289d6c6b090ee31c2132508,7,1315.3,7,7,0.0,6,1.8333333333333333
515d781150feed28a6ac091bb0e3cb8c,5,789.95,5,5,0.0,5,4.0
5160d23075764e18e07c1f4a87fad743,38,2359.0,33,33,0.0,33,4.363636363636363
516e7738bd8f735ac19a010ee5450d8d,82,6463.19,74,74,0.02702702702702703,74,4.635135135135135
51702dc2a3e106c76dbff722b5bf0726,14,2705.1,13,13,0.0,13,4.3076923076923075
5194c22ed1f616ec0c0f33c571542879,4,245.6,4,4,0.0,4,4.25
519a7aa428f18d125a283cf8c014fdd6,3,79.69999999999999,3,3,0.0,3,4.0
51a04a8a6bdcb23deccc82b0b80742cf,1,167.99,1,1,1.0,1,1.0
51e0557bc7b86de13e946c60ee91ce39,1,45.8,1,1,0.0,1,5.0
51e4e89242cbb846c2deff3dc015650e,16,822.58,16,16,0.0,16,4.625
51ed72984a04e5dd35c2b27e77179038,7,1294.3,7,7,0.14285714285714285,7,3.5714285714285716
51f108f62cb87d61918159902c8f8583,3,303.73,3,3,0.0,3,4.333333333333333
52092ddbd3a58c450a4459bf051b2287,6,351.7,6,6,0.0,6,4.333333333333333
520b493b57809f446cb0a233bb3e25c7,73,3698.9,63,63,0.015873015873015872,63,4.301587301587301
522620dcb18a6b31cd7bdf73665113a9,175,55981.69,169,169,0.08875739644970414,166,3.9036144578313254
5236605f4d4b0b3e4df85b850393fca0,5,265.3,5,5,0.2,5,4.8
52454f90d4c30c016768db02f88c1a74,5,80.5,3,3,0.0,3,3.6666666666666665
52562a9f449c3dc3d53f5f5b9ed74903,14,3266.6,14,14,0.0,14,4.785714285714286
525e75a6fb1454a2325ab1734bcec221,10,607.17,9,9,0.0,9,3.888888888888889
5275ca25d0358ca73864e0ae41be1320,4,409.6,4,4,0.0,4,4.75
527801b552d0077ffd170872eb49683b,92,17942.8,90,90,0.1,89,4.47191011235955
52831e5990d0771cb4951d6f12928167,1,65.0,1,1,0.0,1,3.0
528bcf6680c36dddf07620bd35b33a6f,2,969.98,2,2,0.5,2,4.5
528ce32f560edd11add4169f6a5b65be,2,59.8,2,2,0.0,2,5.0
52956b80ae65fda598f06f6b9943e7a9,3,792.0,3,3,0.3333333333333333,3,4.0
52a50b42accf164f9f019941e5759d9b,4,139.96,4,4,0.0,4,4.75
52a52b9f656520e99716f5bc40f661c8,8,783.1,7,7,0.0,7,4.0
52ac6f920b7280e4c6d30dd94de6259b,7,5657.3,6,6,0.0,6,3.6666666666666665
52b53f7061969fe471d119b6195da864,1,90.0,1,1,0.0,1,5.0
52bb00821bcdd358a5a5a27e1f6be5a1,2,349.8,2,2,0.0,2,4.5
52d76513f0c4d97f3b99570e2c94ee31,28,8153.1,19,19,0.05263157894736842,18,4.055555555555555
52f0fe436a347ddad7ed5f9aa4e27eaa,21,1452.49,19,19,0.10526315789473684,19,3.736842105263158
52f6f9f13ba19504c02781132a049e75,1,199.0,1,1,0.0,1,3.0
52f976b17ea7f2f087f56dcc419328f6,6,7630.0,6,6,0.0,6,3.6666666666666665
52f9db5cfb423382a2fa5c9e39303202,22,1218.78,21,21,0.0,21,4.285714285714286
5305693ffae2d3463377b1f6fe67b15a,1,93.56,1,1,0.0,1,5.0
53088c75f948b48a7ece173ac17f0c12,3,261.70000000000005,3,3,0.0,3,5.0
530ec6109d11eaaf87999465c6afee01,101,12682.11,94,94,0.010638297872340425,94,4.340425531914893
53243585a1d6dc2643021fd1853d8905,400,217940.44,348,348,0.034482758620689655,346,4.19364161849711
53336f97ddbe53e2a617d07b17447b95,1,599.5,1,1,0.0,1,5.0
533d46c1b06970e99f09523a61df4972,2,159.98,2,2,0.0,2,4.5
5343d0649eca2a983820bfe93fc4d17e,110,9819.02,70,70,0.1,69,3.869565217391304
534a01cc6df1e034e05c32028a291fa2,5,235.59,5,5,0.0,5,4.4
535bf14f36346c7f59d87cece104d70c,1,50.0,1,1,0.0,1,4.0
537eb890efff034a88679788b647c564,171,4617.9,158,158,0.0379746835443038,158,4.234177215189874
538caafddff204241cecbf3a02e6b3cf,8,128.4,8,8,0.375,8,2.75
539ed9e19811677513447759be5eccfc,2,32.83,2,2,0.0,2,3.0
53b0300ca793f9834cd69c0678d35ee8,10,1662.15,5,5,0.0,5,5.0
53d00c40e32aeb924a84ce72b1af869d,17,2165.85,17,17,0.11764705882352941,17,4.352941176470588
53e4c6e0f4312d4d2107a8c9cddf45cd,512,29587.77,463,463,0.047516198704103674,461,4.130151843817788
54065e9aef7e9e9c2dc23b7594db021a,12,7079.0,12,12,0.0,12,4.333333333333333
5415337f1863452476d42d9f14a16a61,1,44.9,1,1,0.0,1,3.0
54219883e72aad869adfb2a54b7bfa0f,5,6750.0,5,5,0.0,5,3.2
542917da124346b47ea1ac79a93ce454,20,1303.9,20,20,0.05,20,4.15
544863df86ed3b78a04e0820d41430ee,1,23.9,1,1,0.0,1,5.0
54583ab379489add547fe47b628db589,10,2240.0,10,10,0.0,10,4.8
54965bbe3e4f07ae045b90b0b8541f52,81,10351.7,73,73,0.3013698630136986,69,3.1449275362318843
54a1852d1b8f10312c55e906355666ee,202,17056.46,198,198,0.07575757575757576,197,4.355329949238579
54aa8463e87776b5612f4bdc4bd5d4de,6,379.40000000000003,6,6,0.0,6,4.0
54c04bdb5ec46762f8f08c7e8f86ed4a,19,3281.66,18,18,0.1111111111111111,18,4.333333333333333
55029529919c0123526150bd26ca8f20,7,453.95,7,7,0.0,7,4.714285714285714
553a440137d6e0cf776aee0bb83ac9f5,2,144.8,2,2,0.5,2,1.0
5563732abe64c3036cb97ad924128dd1,3,404.0,2,2,0.0,2,4.5
5566627eab3fe93fd6ee08798226101a,5,85.5,5,5,0.0,5,4.4
556a6409838156ea299c9d1f9e2dde43,4,1362.8,4,4,0.0,4,3.25
557f22c76691849db52d2abccf0015d0,13,799.87,12,12,0.0,11,3.272727272727273
5587130f9850696ed7fafbc91c2cee44,2,69.8,2,2,0.0,2,5.0
559d56f3b8f0bc2e5a9a62fe2ce2a39f,2,385.0,2,2,0.5,2,2.5
55a5b51f93f2b70ea513f5a047b0262a,41,4002.3,39,39,0.02564102564102564,39,4.461538461538462
55bb6fe5bebe5012e2d7d9928e1128ff,16,1816.55,15,15,0.13333333333333333,15,3.466666666666667
55c26bcb609f480eb7868594245febb5,6,664.4000000000001,6,6,0.0,6,4.0
55c96925041a14097b6a7825554f4ad5,6,170.0,5,5,0.2,5,4.6
55d3daac7c404d59e51c2aa2f4dc5a23,28,4480.6,21,21,0.0,21,4.095238095238095
55dedd83e501d8248880557d9073cbfd,9,1055.3,8,8,0.0,8,4.875
55f7a3319d80f7fdf078b8f03e6725fe,22,3013.78,22,22,0.045454545454545456,22,3.772727272727273
562f8cfc51f265411f487d07e9c40e7f,13,766.9200000000001,13,13,0.07692307692307693,13,4.538461538461538
562fc2f2c2863ab7e79a9e4388a58a14,265,8659.25,255,255,0.03137254901960784,253,4.229249011857707
5656537e588803a555b8eb41f07a944b,185,7931.26,171,171,0.05847953216374269,171,3.8947368421052633
5659d77e8d90378e39b960ad5956f64e,2,182.48000000000002,2,2,0.5,2,2.5
56642bcb79900e777d68e91915cb4267,54,3454.64,46,46,0.08695652173913043,46,4.021739130434782
5670f4db5b62c43d542e1b2d56b0cf7c,22,6630.09,22,22,0.045454545454545456,22,4.409090909090909
56db5c0782e8f7ddc9343f9576ff6d16,2,734.8,2,2,0.0,2,3.0
56e361f411e38dcef17cdc2a3d99628b,10,1298.0,5,5,0.2,5,4.0
56f413900b5166ab4d730e9ac0b12cb0,3,151.79,3,3,0.0,3,4.666666666666667
570d4583587a5fe2d47c7be89b91ad27,2,125.25,2,2,0.0,2,5.0
5721089ba9214e80074f27d5a03fc0eb,7,245.92999999999998,5,5,0.0,5,5.0
5733d806668f8712c24b9abaefbfa642,2,243.8,2,2,0.0,2,5.0
5741dc2bf5044c34d0698681c5081bed,3,89.69999999999999,3,3,0.0,3,5.0
575df70bde3f9f2b30bf8d2e9910d725,32,5010.25,26,26,0.038461538461538464,26,4.038461538461538
577719699805dd125d5b6fdde5943bba,8,1077.8000000000002,8,8,0.125,8,4.375
578fa3a9cb6b6dceab39231ad59cdaca,3,150.0,3,3,0.3333333333333333,3,3.6666666666666665
5795aebfe331fbcd02a2c4b679fb7952,6,1280.0,6,6,0.0,6,3.8333333333333335
579891617139df7d8671d373f0669622,8,280.3,8,8,0.25,8,4.5
57a834594e1e9e9219603bfec184eadc,1,139.0,1,1,0.0,1,5.0
57c764b4a836300be881e2ff86e449f9,29,1156.1000000000001,28,28,0.14285714285714285,27,4.222222222222222
57d2ba47f7a3209aa347532ae75c1165,2,318.0,2,2,0.0,2,4.0
57df9869a600bd6b7c405f2a862eccfb,5,125.0,5,5,0.0,5,4.4
57e632711dec9ec14ca7546769483e7e,65,6350.06,62,62,0.0,62,4.419354838709677
57fe6232e67823593374a2281d7a8af8,8,178.68,8,8,0.0,8,4.75
582d4f8675b945722eda7c0cb61ba4c7,71,4702.96,59,59,0.01694915254237288,59,4.1525423728813555
585175ec331ea177fa47199e39a6170a,1,3549.0,1,1,0.0,1,5.0
586a871d4f1221763fddb6ceefdeb95e,2,198.0,1,1,1.0,1,1.0
5882820ef11c4c068eea0677a7a879b4,14,9925.5,14,14,0.0,13,4.153846153846154
58c851d1a3c7cd3da329eb59453fed44,2,268.99,2,2,0.0,2,5.0
58e4b302b54937e55a678c4d15111da4,1,49.9,1,1,0.0,1,5.0
58f1a6197ed863543e0136bdedb3fce2,45,6833.0,44,42,0.023809523809523808,44,4.181818181818182
59417c56835dd8e2e72f91f809cd4092,18,36459.0,18,18,0.0,18,4.277777777777778
594f9aaa48e5bf431f011ddc5669b0d5,38,3248.8,37,37,0.02702702702702703,37,4.594594594594595
5962468f885ea01a1b6a97a218797b0a,6,674.0,6,6,0.0,6,4.666666666666667
596849622429351f47b32e6cae1055ff,13,1069.8,13,13,0.0,12,4.083333333333333
5996cddab893a4652a15592fb58ab8db,1,810.0,1,1,0.0,1,5.0
59b22a78efb79a4797979612b885db36,133,27184.5,125,125,0.112,124,3.9838709677419355
59bbc819b99a733f02f0d6b49d1c253d,2,139.8,2,2,0.0,2,5.0
59cd88080b93f3c18508673122d26169,12,392.33,10,10,0.1,10,4.7
59cea8e446d3834393058e7e0666b6fb,10,696.6,10,10,0.0,10,4.6
59de1d4c8c057c2a53acd4ca66531af2,1,135.0,1,1,0.0,1,5.0
59fb871bf6f4522a87ba567b42dafecf,124,21068.61,122,122,0.05737704918032787,122,4.30327868852459
5a05a16bb50629ee31afab8a6d4c2674,15,794.3,14,14,0.0,14,4.214285714285714
5a32c398a06c345440bf2a683b017ad3,1,34.9,1,1,0.0,1,5.0
5a413ade68e8f8d93071a7f52a64cb9e,14,778.9,14,14,0.07142857142857142,14,4.642857142857143
5a4236931428800e9d9cc04af0987118,3,44.97,1,1,0.0,1,5.0
5a425cc503b39b262a847fd6212bf53b,14,1340.6000000000001,14,14,0.07142857142857142,13,4.461538461538462
5a6a02f419701fc8c605af71d4fc57a4,11,600.5,10,10,0.1,10,4.8
5a8e7d5003a1f221f9e1d6e411de7c23,177,10922.3,136,136,0.03676470588235294,136,4.176470588235294
5a93f3ab0ef4c84ed5e1b5dbf23978bc,43,2299.2799999999997,38,38,0.02631578947368421,38,4.7894736842105265
5a9b3bcab695173c820e53934574ae80,1,139.0,1,1,0.0,1,5.0
5a9c0859cb00fd8aa4db443837f0a700,2,208.0,2,2,0.0,2,4.5
5ab05b6d86d417796c69ffd6774ec832,12,1886.1000000000001,10,10,0.1,10,3.8
5abb8ea023c77787f2c15da891c8d384,13,2241.0,13,13,0.23076923076923078,13,3.923076923076923
5acd070dd3fe441bbb2ec1f1ede515ee,8,764.17,7,7,0.42857142857142855,7,3.0
5b07547f10dd980738a1a27f685af669,14,1134.6000000000001,13,13,0.15384615384615385,13,4.461538461538462
5b0cc932433fa5184b5b94bfe6bcc256,17,1437.8,12,12,0.25,12,3.5833333333333335
5b179e9e8cc7ab6fd113a46ca584da81,30,4554.1,30,30,0.06666666666666667,29,3.896551724137931
5b2e94f2c22b39ccc24d34ad0f669672,10,949.78,10,10,0.1,10,4.9
5b33b527da3c5b969cc99dc435cad09a,17,1872.79,16,16,0.0625,16,4.125
5b35136197710e16ac5e7b7c2bd4ea85,9,3104.2000000000003,7,7,0.2857142857142857,7,2.5714285714285716
5b51032eddd242adc84c38acab88f23d,14,3280.0,12,12,0.0,12,4.0
5b581417df4480f632484ba681e53944,12,1641.6,11,11,0.18181818181818182,11,3.727272727272727
5b664594895aefb418afaee6d40a9a23,22,1008.8,16,16,0.0,16,3.9375
5b67882648febfb6e1225e6ad7164f6b,30,6813.4800000000005,27,27,0.037037037037037035,27,4.0
5b8154610ebb21fb90eb587365e673df,40,9048.05,37,37,0.10810810810810811,37,4.162162162162162
5b85809efd0d0e4dea1a9544e1280ed9,14,1804.6000000000001,12,12,0.0,12,4.25
5b925e1d006e9476d738aa200751b73b,63,7748.5,63,63,0.06349206349206349,63,4.603174603174603
5b92bfa4120daa27c574daa2e386c693,1,14.0,1,1,0.0,1,3.0
5b97c06a046398e7005b2b7c0d707a92,3,1139.97,3,3,0.3333333333333333,3,4.0
5bc237df65098fe211bb4818f4d26d78,2,126.80000000000001,2,2,0.0,2,4.5
5bc24d989e71e93c33e50a7782431b0e,17,3148.0,17,17,0.0,17,4.352941176470588
5bc55dbe2f12b6af6d83ed46023e0dc8,21,2992.1,17,17,0.23529411764705882,17,2.411764705882353
5bf397d04035b5f45cc41e82ec106803,4,1525.0,3,3,0.0,3,4.333333333333333
5bffbafbb22daf6d3bfc216a46db8708,23,5239.7,21,21,0.0,21,4.761904761904762
5c030029b5916fed0986310385ec9009,10,4164.4,7,7,0.0,7,4.857142857142857
5c243662ce92d84573bfaff24c3e3700,100,32862.02,98,98,0.01020408163265306,97,4.144329896907217
5c3460cd3e8a984382ae254e7dd20d9f,10,775.76,9,9,0.0,9,4.666666666666667
5c6d4016c2a288f074fa0848a2b653d2,34,3100.0,31,31,0.0967741935483871,31,4.161290322580645
5c853bb56f70f4d14218944bae111d7a,24,263.13,23,23,0.0,23,4.0
5ca5d579b5857ee8709479b1047cecc3,1,169.99,1,1,1.0,1,1.0
5cbbd5a299cab112b7bf23862255e43e,38,2726.06,36,36,0.0,36,4.277777777777778
5cf13accae3222c70a9cac40818ae839,155,14293.300000000001,148,148,0.02027027027027027,147,4.476190476190476
5cf1ec37aea089f45110c70653a166ab,2,35.0,2,2,0.0,2,5.0
5d0363b33554b373851fc1622e4d5f3c,94,6548.79,93,93,0.08602150537634409,93,4.075268817204301
5d043cd5512d4bd2f88e5ccdd5736c38,1,650.0,1,1,0.0,1,2.0
5d378b73ab7dd6f0418d743e5dcb0bd1,6,11254.0,6,6,0.16666666666666666,6,3.8333333333333335
5d3bb11474a06bdc23fb9e89f1164ee0,32,3654.6,31,31,0.03225806451612903,31,3.903225806451613
5d505d2298ad549e4e4e835562fa0c1e,2,249.8,2,2,0.0,2,5.0
5d76d80a2f5f39c891b996a1bf4c9853,6,1238.5,6,6,0.0,6,4.833333333333333
5d9dc90a686a8fddacffab6bab5653a3,12,3761.94,12,12,0.08333333333333333,12,4.166666666666667
5d9f3746e112e696f98ea22c56b3e912,1,1322.64,1,1,0.0,1,5.0
5db42a6cd9bf1bf0d3aab9582767f168,1,200.0,1,1,0.0,1,5.0
5dc203c7b84a0e71e878a179de05fb9a,5,421.9,5,5,0.0,5,4.0
5dceca129747e92ff8ef7a997dc4f8ca,343,111126.73,322,322,0.055900621118012424,318,4.012578616352202
5de1c80811ce7007f62f00d971236c09,2,76.8,2,2,0.0,2,5.0
5debea795b07621e1f90532e18f96145,33,1883.78,25,25,0.0,25,4.36
5def4c3732941a971cba8fdee992ede1,6,134.8,5,5,0.0,5,4.6
5e063e85d44b0f5c3e6ec3131103a57e,1,22.9,1,1,0.0,1,5.0
5e105f5c9f63f5f1fd75d6cb942e55b1,8,1471.9,8,8,0.0,8,4.5
5e106d93b717c2682b9383da480364a1,1,445.9,1,1,0.0,1,5.0
5e25c632f9db6cfb8bc100421c2737b6,1,259.0,1,1,0.0,1,5.0
5e49e3a44bdeb5aab2684258bbd4f525,3,507.0,3,3,0.3333333333333333,3,4.666666666666667
5e9f5bd34e0830569f05c9d4f56e04a8,2,239.98,2,2,0.0,2,4.5
5ee7fd217d08dfe5d3e2f51f96a12c9a,9,1165.5,9,9,0.2222222222222222,9,3.4444444444444446
5eeb9c756d9780b96283e5a2ac6da334,9,2471.0,9,9,0.2222222222222222,9,4.222222222222222
5ef131ac72773e5b3f6c0d63cf424657,11,575.79,10,10,0.0,10,4.1
5f0057b677eb963672bf05dfa3f16c34,2,56.89,2,2,0.0,2,5.0
5f06030071324cc52bf0304014ac7234,4,783.96,4,4,0.0,4,4.0
5f1dc28029d2c244352a68107ec2b542,78,2807.3,62,62,0.016129032258064516,61,4.426229508196721
5f2684dab12e59f83bef73ae57724e45,73,8870.970000000001,67,67,0.05970149253731343,67,3.791044776119403
5f26c1408a65b42a7224cd463bdf3292,10,1139.8,10,10,0.0,10,4.8
5f3ae9136c875522250f8184f253413a,45,1143.05,42,42,0.047619047619047616,42,4.642857142857143
5f57db27027655e6c6a391601daa0258,1,98.0,1,1,0.0,1,5.0
5f5a58930c3c35f3b5af264f34fb8c85,3,560.0,3,3,0.0,3,5.0
5f5b43b2bffa8656e4bc6efeb13cc649,29,3677.2,27,27,0.037037037037037035,27,4.407407407407407
5f67c6082caacb26e431a7b17940cece,14,1662.6,13,13,0.23076923076923078,13,3.5384615384615383
5f7300535881cef3b625fd683cf7d145,11,665.98,10,10,0.0,10,4.4
5fd924b4836098a5be0ecf81ba054ce0,8,1148.8,7,7,0.0,7,4.0
602044f2c16190c2c6e45eb35c2e21cb,55,3559.17,48,48,0.16666666666666666,47,3.234042553191489
6025c79c035c3d772133b8b8238463b2,4,989.74,2,2,0.0,2,5.0
6039e27294dc75811c0d8a39069f52c0,74,13500.8,63,63,0.1746031746031746,63,3.7301587301587302
60562ab00b8054280520d390c8c0045c,17,2943.0,17,17,0.0,17,4.764705882352941
6061155addc1e54b4cfb51c1c2a32ad8,33,15633.4,28,28,0.03571428571428571,28,4.642857142857143
606ce7768feac12c5e8bd58db8b08f0f,5,2916.6,5,5,0.0,5,4.8
609e1a9a6c2539919b8205cf7c4e6ff0,130,6595.23,87,87,0.011494252873563218,85,3.8117647058823527
60da8bfa7eebe230b7d66ac4082d79b3,3,86.6,3,3,0.3333333333333333,3,4.333333333333333
610f72e407cdd7caaa2f8167b0163fd8,17,13585.16,16,16,0.125,16,3.625
612170e34b97004b3ba37eae81836b4c,110,23065.02,107,107,0.009345794392523364,107,4.429906542056075
612a743d294c27884fb7b80d2b19ba35,3,3057.7000000000003,2,2,0.0,2,4.5
615005a3ef192c00c6f0e977cee3d2bc,11,286.5,10,10,0.1,10,3.8
615c3462099ffa940d37b17dfda19594,2,229.0,2,2,0.0,2,5.0
6179a28a13a726c29b3bf54c070dccab,1,300.0,1,1,0.0,1,5.0
6187a137b2af59dfdbad8d9f8c373c14,2,74.8,2,2,0.0,2,3.0
61b18775be84fb700a6b2d0ba097bf66,5,334.5,4,4,0.0,4,4.75
61c36f0fc4a47f9532e5512b66668e62,1,750.0,1,1,0.0,1,1.0
620c87c171fb2a6dd6e8bb4dec959fc6,754,107573.9,699,699,0.09012875536480687,693,4.291486291486292
6219ba2359cfb97f2e38fd4c321eb309,5,342.6,5,5,0.6,4,4.0
6235903333ba7de1928c869e268e5964,1,94.06,1,1,0.0,1,5.0
623ad9d0c1e14bb5464a8c72bff7b4af,1,95.0,1,1,0.0,1,4.0
624f4ece8da4aafb77699233d480f8ef,53,8857.0,51,51,0.0784313725490196,51,4.235294117647059
626ab1cd96932367f0eeec2e47046c12,3,1310.0,3,3,0.0,3,4.666666666666667
62760d278921b5f352461620d68a9cee,3,397.0,3,3,0.3333333333333333,3,3.6666666666666665
6288c69c4ce638e59925e59193f98b16,20,4196.8,20,20,0.05,20,4.25
62c50c1af4dfdc4149d25c5222043d39,15,2045.8500000000001,10,10,0.0,10,3.9
62de60d81c55c29d76a6bce418b31cef,1,103.0,1,1,0.0,1,4.0
630008e0f062605a415d694489f6f82e,1,35.35,1,1,0.0,1,5.0
63191ead8d3b2f937cd1996fdcbbad20,1,367.0,1,1,0.0,1,5.0
63272377184e969942f7fff221be858d,2,149.7,2,2,0.0,2,5.0
6338ea67c41078a46ad99cc009654956,44,2286.09,37,37,0.0,35,4.6
633ecdf879b94b5337cca303328e4a25,6,1037.6000000000001,6,6,0.6666666666666666,5,1.8
634964b17796e64304cadf1ad3050fb7,323,39114.1,265,265,0.09433962264150944,265,4.056603773584905
63704069d9bd3a75c1cf59babe56004a,1,59.3,1,1,1.0,1,1.0
638cba8be1fb599bbb76fd6948351eb3,22,535.4,16,16,0.0,16,4.6875
63a79f5a7eb5cb48a7e5787b141c7993,11,815.1,11,11,0.0,11,4.545454545454546
63b464dbf392c7b80d12d932fa7cafed,38,6622.0,36,36,0.05555555555555555,36,3.861111111111111
63b9ae557efed31d1f7687917d248a8d,6,129.5,4,4,0.0,4,4.0
63ffcb71394dd8ea3872ed9ffda17c74,17,399.0,17,17,0.058823529411764705,17,3.176470588235294
640e21a7d01df7614a3b4923e990d40c,136,7528.89,115,115,0.043478260869565216,115,4.3304347826086955
6426d21aca402a131fc0a5d0960a3c90,23,1209.64,23,23,0.0,23,4.173913043478261
643214e62b870443ccbe55ab29a4dccf,66,3229.23,65,65,0.1076923076923077,65,4.4
643c01d7c56a724bec0454f4780e8a3e,2,205.55,2,2,0.0,2,4.5
6481e96574816ead57975da2c0f6d80d,43,3324.9,32,32,0.03125,32,4.1875
64c9a1db4e73e19aaafd3286dc448c96,1,439.0,1,1,0.0,1,5.0
64cc804291f90c81f02bfc2bb58ff55a,2,517.6,2,2,0.0,2,5.0
651530bf5c607240ccdd89a30c9c9712,1,199.9,1,1,0.0,1,4.0
651fe66032c9520ee5587f694908040d,7,464.0,7,7,0.0,7,4.0
6524b847b982cd56bb5d4b02b776ee42,2,779.8,1,1,1.0,1,4.0
6548c2550b6e2d8f18053216e1c7b6f3,5,217.7,3,3,0.0,3,5.0
655220df33262c7e0c4949a147366f94,15,2245.0,13,13,0.15384615384615385,13,4.076923076923077
6560211a19b47992c3666cc44a7e94c0,1996,120702.83,1819,1819,0.052776250687190766,1805,3.9778393351800556
6561d6bf844e464b4019442692b40e02,1,41.9,1,1,0.0,1,5.0
6562efe88ce0826a4ca4f189f03b4b84,20,1076.0,8,8,0.125,8,3.75
656591be56071d4c9ef4e5fee78a578a,11,1702.0,7,7,0.2857142857142857,7,4.571428571428571
657969cca82e884d272385ec0ef06edd,3,139.70000000000002,3,3,0.0,3,4.666666666666667
659e8466eb3ff1b0e8740d74fb7bbedd,14,1486.8,11,11,0.0,11,4.363636363636363
65a7c0788e4d632ccb5e1b594b87f0bb,9,266.7,3,3,0.0,3,4.333333333333333
65b081a070633e057c462abdd6fb9dd8,20,1885.09,19,19,0.0,19,4.315789473684211
65c255b299faf2d12050937cc219c46c,2,88.2,2,2,0.0,2,4.5
65febd49fd28ec955651299159b1f527,38,4136.71,33,33,0.0,33,4.454545454545454
6601ee6383e7f452be71929f8de48bbb,2,153.6,2,2,0.0,2,4.0
6614814a00d344b846ae209f95ee7e3f,1,13.0,1,1,0.0,1,1.0
661ad5fcc28cdfb8bcadb12bb2272475,7,209.92999999999998,4,4,0.0,4,5.0
6624bc09786f0e41ae48dfc5eeb1a9e2,1,89.54,1,1,0.0,1,5.0
6650fcccd8cd2f7e55ffa524f30c4c59,2,339.8,2,2,0.0,2,3.0
668bf321538e5072858eaef6087ce027,1,19.9,1,1,0.0,1,5.0
66922902710d126a0e7d26b0e3805106,155,14267.3,150,150,0.07333333333333333,149,4.496644295302014
669ae81880e08f269a64487cfb287169,185,13133.87,161,161,0.043478260869565216,160,4.2625
66dc1b1632bd6a3e508510c5b3492107,41,3542.19,36,36,0.027777777777777776,36,3.638888888888889
66e0557ecc2b4dbea057e93f215f68d8,30,12141.0,30,30,0.2,30,4.033333333333333
66fd84ee7528c0c0de85d0f44a73d5ab,21,1438.11,11,11,0.09090909090909091,11,3.3636363636363638
670a9dda115b5a88b18cfadee8de2332,11,918.9000000000001,11,11,0.0,11,4.454545454545454
670c26e0f1bf8d0576271d5cfaec6d2b,86,6250.1,77,77,0.05194805194805195,77,4.311688311688312
671585f5a2af58b6e276bc01003c0d2b,27,1244.0,27,27,0.0,27,4.703703703703703
67225bff54a172ff67579aaf583efd78,8,1238.0,8,8,0.0,8,4.5
674207551483fec113276b67b0d871ff,1,119.9,1,1,0.0,1,5.0
6750d71153f00fc58829af2a8ef1bcf1,6,3514.0,6,6,0.0,6,4.166666666666667
67883baaae6134ee81b271a542613728,19,8167.9,19,19,0.05263157894736842,19,4.105263157894737
679769a98cfcc6da877c8486ff1c13f3,21,7029.0,21,21,0.0,21,4.571428571428571
67bf6941ba2f1fa1d02c375766bc3e53,20,5062.0,15,15,0.06666666666666667,15,4.333333333333333
6806dad1da97bfb5a9038eac6881f706,14,1477.0,10,10,0.0,10,4.1
681fce914360217db47784ae28905a96,24,4127.33,23,23,0.13043478260869565,22,4.0
6824a69c9ea0313eba299dd4a2dba09a,7,666.9,6,6,0.0,6,4.666666666666667
685b870da5b52a710782c9c0fefbeb5b,2,627.0,2,2,1.0,2,2.0
6860153b69cc696d5dcfe1cdaaafcf62,84,3827.63,74,74,0.08108108108108109,73,4.095890410958904
6861de0f40cacb0602e473c51639f980,8,674.0,5,5,0.2,5,3.6
686886775c8f6b1191c7b953fb52708c,1,189.0,1,1,0.0,1,5.0
6879c4d287a8dd06b11f54ea8f78e4da,6,527.67,6,6,0.0,6,4.333333333333333
688756f717c462a206ad854c5027a64a,99,5837.67,81,81,0.037037037037037035,80,3.8875
68ca56ce86830f3d31b1b7ec6a54da3e,5,599.6899999999999,5,5,0.0,5,4.0
68f86ba270525243e68ae74044f992b9,11,777.5,10,10,0.0,10,4.5
6902157ee16728322d61a1321fa79e58,2,159.8,2,2,0.0,2,3.0
693660429f9dc4ff704eb3d88dad54d7,2,124.0,2,2,0.0,2,4.0
695051e2981c8b19e77cafe450d5bdf3,1,169.76,1,1,0.0,1,5.0
6973a06f484aacf400ece213dbf3d946,108,10418.72,89,89,0.14606741573033707,88,3.715909090909091
698624c6632eeba1774924dbea24c700,1,19.9,1,1,0.0,1,5.0
6989574bd97d9773f10d232b6c07da59,7,2478.3999999999996,7,7,0.0,7,4.857142857142857
698f5fa55a5f73d0740e9d9a773e8093,6,120.0,4,4,0.0,4,4.75
69a43819c758c65a5befb0b471c954d7,3,299.85,2,2,0.0,2,4.0
69b5eaa096c3f9d1e5c398c597f567d6,2,938.0,2,2,0.0,2,5.0
6a0cbc8af2e8abd1bdfb777943d174c6,34,3788.15,34,34,0.08823529411764706,33,4.03030303030303
6a3139c7bf09ece22a4713d956acbe5e,1,61.9,1,1,0.0,1,5.0
6a38087bc8ad4f89ff453561005f6dea,22,1833.43,15,15,0.0,15,4.6
6a51fc556dab5f766ced6fbc860bc613,31,7217.87,24,24,0.08333333333333333,24,4.0
6a53b90c3ad9e0b56d9fe5c69165fff5,4,139.78,2,2,0.0,2,3.5
6a8a889bde935bafa76d7848782dfaf9,30,860.8199999999999,26,26,0.07692307692307693,26,4.038461538461538
6a8b085f816a1f75f92dbac6eb545f8f,133,5884.17,125,125,0.08,125,4.16
6aa3928696eab49a19a466e665a649fd,22,2075.0,18,18,0.05555555555555555,18,4.611111111111111
6b15924333bd1a741595fe981ea04822,21,614.3199999999999,21,21,0.0,21,4.666666666666667
6b1c4d4d9ccf0be3d8544eb0e71e5318,1,1699.0,1,1,0.0,1,5.0
6b243f80ed07b10f0e8aa0f21a205f3c,89,6260.1,79,79,0.0379746835443038,79,4.265822784810126
6b2612338467c08c9b25f0cc55b1578d,1,92.9,1,1,0.0,1,4.0
6b333a05bf188ef3e1f1662a86bd9855,13,3990.91,12,12,0.08333333333333333,12,4.333333333333333
6b3bd31ad8fcda4b2635ec9f3ff2ecdf,42,4063.9,35,35,0.08571428571428572,35,4.085714285714285
6b536a23086fba0d58c08d68814397f6,22,1996.8,18,18,0.05555555555555555,18,4.111111111111111
6b803197e03abd5056b4313306b4f29d,12,407.0,7,7,0.0,7,4.714285714285714
6b89abe95848c850399130d149a39b63,8,1135.2,8,8,0.0,8,4.375
6b90f847357d8981edd79a1eb1bf0acb,47,3322.08,45,45,0.0,45,4.355555555555555
6b9b80d53ba3676eafe60268a810b5a1,9,783.7,9,9,0.0,9,4.222222222222222
6ba4733aa33f6386e9fb0c0fd3993b38,3,149.79,3,3,0.0,3,4.666666666666667
6bb0724edf0b62fb91ac404873a97241,18,3653.0,17,17,0.058823529411764705,15,4.466666666666667
6bb62a4912377c7bfe7cb17b406bc7e6,6,739.52,4,4,0.0,4,4.25
6bb66d9870c2e01c05655c7ed0e7ee13,3,269.0,3,3,0.0,3,3.6666666666666665
6bbcb8924baf70b7fe2fe2097e8cd407,11,2382.5,10,10,0.0,10,4.5
6bcb2352a2a0c38b845f598298ab9d26,1,15.9,1,1,0.0,1,5.0
6bd503a8230299c9316fb0f726933927,5,324.28999999999996,4,4,0.25,4,4.75
6bd69102ab48df500790a8cecfc285c2,5,8070.0,5,5,0.2,5,3.0
6bef34c5be6f2bbd70aa5165f6df94b1,2,1198.0,2,2,0.0,2,2.0
6c12e40690c335dbc2f68a4134d30dc1,18,9139.2,16,16,0.0,14,4.071428571428571
6c177e38df6d3f34182b1f1d427231bf,54,8112.89,53,53,0.018867924528301886,53,4.150943396226415
6c17baf138731a4aaacc3210adf2037b,5,538.8,4,4,0.0,4,5.0
6c1b6d0c604b776f844125f911eb7377,4,327.07,4,4,0.0,4,4.0
6c6cc59a5c00cacc5054ca06d65cc282,1,1107.0,1,1,0.0,1,5.0
6c6e3d67f969468f3bfd33f827a31222,6,224.0,5,5,0.0,5,4.8
6c77cd583b36a13aacccf2b3ee23e233,1,18.9,1,1,0.0,1,5.0
6c7d50c24b3ccd2fd83b44d8bb34e073,126,8445.960000000001,112,112,0.017857142857142856,111,4.45045045045045
6c9875b2f94ba781186f0c1aed8d1687,4,25.0,2,2,0.0,2,5.0
6c99c983ce3b6ba0ab813e6790e81691,9,546.75,9,9,0.0,9,3.7777777777777777
6cd68b3ed6d59aaa9fece558ad360c0a,157,11188.57,149,149,0.013422818791946308,149,4.456375838926174
6cf476a4ca74498db55cbccdaa9dcfb6,5,124.94999999999999,4,4,0.25,4,3.0
6d04126aba80df143fd038e711b8fd96,1,89.99,1,1,1.0,1,1.0
6d1b9c9579132c87d2703ec38c30f2c5,4,299.69,4,4,0.0,4,4.5
6d22a1fcebb6dd08c9cd90b92a93e8d0,13,723.7,12,12,0.0,12,4.25
6d2f2e3b539480db1e0842b3a4e32e6e,6,305.96,3,3,0.0,3,3.6666666666666665
6d66611d7c44cc30ce351abc49a68421,174,13428.6,164,164,0.054878048780487805,162,3.9691358024691357
6d7f8d9d594e28796b6b3205b00f459c,3,417.9,3,3,0.0,3,3.6666666666666665
6d803cb79cc31c41c4c789a75933b3c7,66,8711.4,58,58,0.06896551724137931,58,4.241379310344827
6d988d6174a2c27441597174f8905515,23,371.73,19,19,0.10526315789473684,19,4.105263157894737
6da1992f915d77be95d7fa48b36904af,9,261.0,7,7,0.0,7,4.0
6dc9bec584588412a6a338830946a3e4,1,280.0,1,1,0.0,1,2.0
6dd7dce75cd55c1ce255dc38d9f0cd46,1,75.0,1,1,0.0,1,4.0
6ddc28b61be28373b4503a1f61cf98a9,11,1732.9,11,11,0.09090909090909091,11,4.181818181818182
6df688df543f90e9b38f4319e75a9d88,55,1891.76,39,39,0.0,39,4.564102564102564
6e0908ef4d4efadbc3cc2b74ea477cb0,11,589.4499999999999,8,8,0.125,8,3.75
6e13dd869aa7185f601c941423abcc8f,6,522.0,5,5,0.0,5,4.8
6e1862e15f33d9994bc25922a85e1efc,12,668.49,7,7,0.0,7,4.428571428571429
6e386f64c84e482f0b9abf960797ee1b,29,12209.3,29,29,0.06896551724137931,28,4.607142857142857
6e4a902d1054e4e17aa6eab87fac1c75,8,586.57,7,7,0.14285714285714285,7,4.142857142857143
6e4f5ff6b086632ba8dcb558fb10249e,5,838.9,5,5,0.0,5,3.4
6e864f5c4669eff3d98140a07cc50202,13,740.59,13,13,0.07692307692307693,13,4.461538461538462
6eb94e1466490d327a09abf8f3552a50,9,1372.95,9,9,0.0,8,4.75
6ebf4eceee4dd9847201c82e77ef8123,1,59.9,1,1,0.0,1,5.0
6ec1a01e866584bb679eb9b098345919,31,3998.91,30,30,0.2,29,4.241379310344827
6edacfd9f9074789dad6d62ba7950b9c,216,12966.4,205,205,0.04390243902439024,205,4.380487804878049
6ee85be3693ed79a8e80718743d80655,5,147.5,5,5,0.4,5,3.2
6eeed17989b0ae47c9f11ece6f38ea90,3,557.0,3,3,0.0,3,3.6666666666666665
6f1a1263039c76e68f40a8e536b1da6a,5,178.69,2,2,0.5,2,2.0
6f229cc508fc6915ed5c499efd93baa4,14,2654.8,13,13,0.15384615384615385,13,4.384615384615385
6f835fd4be26989b1b064399da346143,2,197.8,2,2,0.0,2,5.0
6f83d9e4da896daae20b9b6b2d3ff8d2,11,765.19,11,11,0.0,11,4.363636363636363
6f892e20a171e98efe17fdb971ff319b,50,6049.0,41,41,0.0975609756097561,40,4.15
6fa9202c10491e472dffd59a3e82b2a3,3,7014.24,3,3,0.0,3,4.333333333333333
6fc26fe110feebd80a433e1f012a84f9,72,4150.87,35,35,0.11428571428571428,34,3.911764705882353
6fd52c528dcb38be2eea044946b811f8,84,7743.0199999999995,67,67,0.13432835820895522,66,3.393939393939394
7008613ea464bad5cb9b83456e1e6a8f,151,7498.8,122,122,0.04918032786885246,121,4.2727272727272725
700f03c207639c22d933381ff60b35c2,3,809.88,3,3,0.6666666666666666,3,3.6666666666666665
70125af26c2d6d4ef401a1d02ae7701f,8,371.2,5,5,0.0,5,4.6
70126eecc6aa1274392a1743866e9678,3,97.39999999999999,3,3,0.0,3,5.0
701938c450705b8ae65fc923b70f35c7,111,11879.289999999999,74,74,0.04054054054054054,73,4.0
702835e4b785b67a084280efca355756,1,7.6,1,1,0.0,1,5.0
7040e82f899a04d1b434b795a43b4617,223,9213.7,208,208,0.07692307692307693,206,3.650485436893204
70849ca4f400aaabb62cb7462a6f1428,12,909.58,12,12,0.16666666666666666,12,4.416666666666667
709e16e2b25c7474d980076c6bfc4806,80,5151.9,60,60,0.03333333333333333,60,4.516666666666667
70a12e78e608ac31179aea7f8422044b,323,29963.53,312,312,0.09294871794871795,310,3.8129032258064517
70b52a4cfc823994561b00bad161b4ed,10,585.0,8,8,0.0,8,4.375
70bf57d811208f8923b41bbd499a67a4,7,780.8000000000001,7,7,0.0,7,4.142857142857143
70c0fda4c313d87115644d39e62eec60,1,25.99,1,1,0.0,1,5.0
70c27847eca8195c983ed7e798c56743,98,12077.52,77,77,0.06493506493506493,77,4.233766233766234
70c4eedec9cb4a85cda2f3f9673557b4,1,239.9,1,1,0.0,1,5.0
70ee69419916dc13e3aed619061f996c,1,45.0,1,1,0.0,1,3.0
70eea00b476a314817cefde4aad4f89a,112,31424.75,106,106,0.0660377358490566,105,4.40952380952381
70f7e8018e3d46c748c92f026aa2585a,2,239.8,1,1,0.0,1,5.0
70f84699be677ec988d1fa824aef7d90,5,1588.3,5,5,0.0,5,4.6
71039d19d4303bf9054d69e9a9236699,38,3537.2,35,35,0.2,35,3.8
710e3548e02bc1d2831dfc4f1b5b14d4,135,22019.27,129,129,0.03875968992248062,128,3.421875
71271995e85f5b8530be99ed54a91b89,6,582.0,6,6,0.16666666666666666,6,3.0
712e6ed8aa4aa1fa65dab41fed5737e4,85,39385.0,77,77,0.2077922077922078,76,3.3947368421052633
712efd3b68f9686dc856b84abd0f21ae,1,139.0,1,1,0.0,1,4.0
7139dc5186aa238b006e066d8fbab2e4,24,1712.0,22,22,0.13636363636363635,21,4.0
713e3a23ca5e47786eb6f0d99f94cfac,4,1126.0,4,4,0.0,4,4.75
7142540dd4c91e2237acb7e911c4eba2,328,37181.94,316,316,0.07278481012658228,314,4.047770700636943
714b9a1332840f257b49f476bea4e341,6,1499.94,6,6,0.3333333333333333,6,3.3333333333333335
71592660bbcb6a4664e97b6f8b68babc,7,2027.18,6,6,0.0,6,4.333333333333333
71593c7413973a1e160057b80d4958f6,5,299.5,2,2,0.0,2,3.0
715bbd5ba4e6b74cb0d2f29eb45058b0,64,4043.3,62,62,0.08064516129032258,62,4.467741935483871
7178e1eaa97257d8b6d4b80efd77a025,1,167.9,1,1,0.0,1,5.0
7178f9f4dd81dcef02f62acdf8151e01,215,36795.4,202,202,0.034653465346534656,201,4.059701492537314
717b78b0950b51ed00b1471d858b0edc,5,138.6,5,5,0.2,5,4.0
718539d38d07dd351c76db862760e2e2,43,1273.01,35,35,0.0,35,4.628571428571429
71dc18fd8cbf5fd77f45dd8b427abb34,9,1080.0,4,4,0.0,4,5.0
7202e2ba20579a9bd1acb29e61fe71f6,53,12085.699999999999,51,51,0.0392156862745098,50,3.98
720e6cf846ea7572cbb66b743fb91e6c,1,54.0,1,1,0.0,1,5.0
7210cd29727d674c00741e5e387b3ccd,13,729.0899999999999,9,9,0.1111111111111111,9,4.444444444444445
72146da5774cabf2632faedcae097a76,6,200.94,4,4,0.25,4,4.0
7238a95bb63ef7e498389fb863b834a1,15,2265.7,15,15,0.0,15,4.733333333333333
7238f877570096ae403c51898fa64566,3,1200.0,3,3,0.0,3,5.0
723a46b89fd5c3ed78ccdf039e33ac63,1,66.64,1,1,0.0,1,4.0
723cd880edaacdb998898b67c8f9da30,12,2136.5299999999997,11,11,0.09090909090909091,11,4.090909090909091
72431a818f97fe6ab9c81eee3e297e54,1,229.9,1,1,0.0,1,5.0
725af026f869236a8dd0ceb98564d156,5,810.72,5,5,0.0,5,4.4
725c32fa80c2faacc4fc88450d27314e,93,7838.88,89,89,0.011235955056179775,87,4.517241379310345
7299e27ed73d2ad986de7f7c77d919fa,358,34107.44,335,335,0.041791044776119404,335,4.429850746268657
729b2d09b2a0bdab221076327f13d050,60,1805.21,48,48,0.041666666666666664,48,4.5625
729f06993dac8e860d4f02d7088ca48a,113,19885.18,94,94,0.09574468085106383,93,4.21505376344086
72bc2cce903c872fe376a8faaa81d237,18,2149.2,17,17,0.0,17,4.647058823529412
72c38a04bd6a1c3dbc5298425a0db86d,5,647.3,4,4,0.0,4,3.75
72c5da29406b4234927b81855e7b64f6,31,11798.69,31,31,0.03225806451612903,31,4.129032258064516
72c73be2b085b9d57650dd53eb2004c9,1,29.4,1,1,0.0,1,5.0
730937bf88cb151eb2eb849f642fc213,26,2821.2,22,22,0.045454545454545456,22,4.409090909090909
7315baebc0572ff220d226283dc66728,2,49.849999999999994,2,2,0.0,2,4.0
731ef20c231d9a7103a425e83fd91271,3,1692.0,2,2,0.0,2,3.5
734def04b237117a09321dd6d8f3f2a2,2,1252.43,2,2,0.0,2,5.0
7354220fb240bde543b3c40c060d41e7,7,672.0,7,7,0.0,7,4.571428571428571
7357b52d27cbaa90f81a96cbc1279396,12,1328.02,12,12,0.08333333333333333,12,4.333333333333333
739c7d7be81f63812dea0d1b1451c651,2,77.5,2,2,0.0,2,4.0
73a63f72308aa20a46f4b1632018f196,35,7640.8,27,27,0.0,26,4.1923076923076925
73b8eb4a9a729d4019b24ed1be748cbf,7,568.9,7,7,0.0,7,4.857142857142857
73da1880b39c71de2b262bc7720c1494,2,398.0,2,2,0.0,2,5.0
740205fedfe4e90ca6857bc77db0f2b4,1,229.9,1,1,0.0,1,5.0
7402d13c03a7e91366337cd1de471144,3,473.89,3,3,0.0,3,4.333333333333333
741f8c587cb4248ebc5b779a0e8e0e51,5,89.95,5,5,0.2,5,4.0
744dac408745240a2c2528fb1b6028f3,83,22322.6,78,78,0.01282051282051282,78,4.576923076923077
74636e24f01da9268b0ed88dacd8513e,4,776.0,4,4,0.25,4,4.0
747c1cdcd1737dcfbd1547f6eb6f2cf3,2,193.1,2,2,0.0,2,2.5
747e73c01a4593d4cf60dcf970fd2689,3,2217.99,3,3,0.0,3,4.333333333333333
74871d19219c7d518d0090283e03c137,7,550.04,6,6,0.0,6,5.0
7494d0dcba8551df6cf37f1b905dc2f7,1,45.9,1,1,0.0,1,3.0
749e7cdabbaf72f16677859e27874ba5,1,41.9,1,1,0.0,1,1.0
74a9b9bddf14ece02beb81f52c41a88d,2,95.0,2,2,0.0,2,3.5
74bafed391319577bce6f4d2acc0589a,3,1847.0,3,3,0.0,3,2.6666666666666665
74c7dec0a384d8a05950e629bd23bde9,4,97.78,4,4,0.0,4,4.25
750303a20e9c56b2a6bc45cdce0b897d,56,7876.0,53,53,0.03773584905660377,53,4.30188679245283
751bdc4d83a466c7206cd42e8f426b03,68,6520.96,51,51,0.0196078431372549,49,3.938775510204082
751e274377499a8503fd6243ad9c56f6,2,218.0,1,1,0.0,1,5.0
75745ef7bc7d4f3ea3380f6f5303f514,3,228.4,3,3,0.0,3,5.0
7586919161935337bf6b6d7ff5779648,18,1664.71,11,11,0.18181818181818182,11,3.8181818181818183
75a4764c108403a7a0575140cb22287c,9,716.9,5,5,0.0,5,4.6
75d34ebb1bd0bd7dde40dd507b8169c3,67,12656.33,57,57,0.12280701754385964,57,3.9298245614035086
75fbb52eda0cbc24f479d3b2fbfa8d3e,41,1094.19,38,38,0.05263157894736842,38,4.447368421052632
75fdd0a732287f9497b179f6bd445d32,1,59.9,1,1,0.0,1,5.0
761681a821d8275bc79f552116d06869,3,354.92,3,3,0.0,3,5.0
762ed976527cddf02787edba70fffa2a,4,179.8,3,3,0.0,3,2.3333333333333335
762fafdaa57a532ee0119731697579dd,5,206.7,5,5,0.0,5,5.0
76623fde66e6b63b59440fd34160512d,3,65.4,3,3,0.0,3,4.0
7681ef142fd2c19048da7430856b5588,76,31211.81,58,58,0.08620689655172414,57,4.228070175438597
76833248bbc0e65a0293ec62023e4396,2,2399.98,2,2,0.0,2,5.0
768a86e36ad6aae3d03ee3c6433d61df,17,587.46,17,17,0.11764705882352941,17,4.647058823529412
768de2a4fc06aacecb9a586ccc30746a,13,442.7,13,13,0.0,13,4.384615384615385
76c47a299e4a8fe992316a85865acbe9,10,1024.46,6,6,0.3333333333333333,6,4.666666666666667
76d336555bb25f3165d2f0d6da719c40,1,165.0,1,1,0.0,1,3.0
76d5af76d0271110f9af36c92573f765,152,30497.6,125,125,0.096,124,4.120967741935484
76d64c4aca3a7baf218bf93ef7fa768d,69,16911.8,64,64,0.03125,64,4.234375
76de363de16dacc923eec8daf91df504,2,360.0,2,2,0.0,2,2.5
76ea5315acb3f5f7ade3cd261faf922a,15,1087.06,15,15,0.06666666666666667,15,4.266666666666667
77128dec4bec4878c37ab7d6169d6f26,1,6.5,1,1,0.0,1,5.0
7722b1df1b0e383e000397b2c11e3e19,144,7046.6,133,133,0.03007518796992481,132,4.2272727272727275
77530e9772f57a62c906e1c21538ab82,380,45528.6,311,311,0.0932475884244373,311,4.144694533762058
77714512e8d4dda9c234da8e3faf16e4,6,243.39999999999998,4,4,0.0,4,4.25
777a0c55737f34ffeb78010f7542ab41,6,452.5,6,6,0.0,6,4.333333333333333
778323240ce2830d68aab11794e00bfb,3,189.98000000000002,3,3,0.0,3,4.333333333333333
77a515caa36327151d1cc6c32a9f00e1,26,2217.39,26,26,0.11538461538461539,26,4.423076923076923
77e4abfd739aed9c46480f90f81c0eb4,18,3736.99,18,18,0.0,18,4.777777777777778
77fccaae319668a8ab6cd0fd16aec48c,12,1667.0,11,11,0.0,11,4.454545454545454
7813ea3ebd9411dc600b4dd01f7a97b9,9,1599.4,9,9,0.1111111111111111,9,3.888888888888889
7816cd9c5b1238e320545f5bf7eb80e8,1,489.0,1,1,0.0,1,4.0
781a66c0d89e30814d49fe8b5e14cd07,1,115.0,1,1,1.0,1,1.0
782f78b632a43875dd5b53e3e49c9564,2,97.34,1,1,0.0,1,5.0
784ba75dd9d20200c4caed3d7a77141a,22,8142.33,19,19,0.10526315789473684,19,4.105263157894737
78744a20ee2f80ba64f6804c25def2b8,6,2715.0,6,6,0.16666666666666666,6,4.166666666666667
78813699ffac347fe27dba345a5f1551,1,152.42,1,1,0.0,1,5.0
788e857f317e53de488d393e65a80f45,11,1210.0,11,11,0.0,11,4.909090909090909
788f22bafdd7ab0e1e79f19db72f16a4,2,125.80000000000001,2,2,0.0,2,4.5
78a4d36f65a019172c6154468831a69f,7,1545.5,7,7,0.14285714285714285,7,4.285714285714286
78ba5933c21686d1c2f64669c8c459e7,2,191.8,2,2,0.0,2,4.5
78c99c6dff4eeae5be99bf635ed21e3f,39,2030.88,31,31,0.06451612903225806,31,4.419354838709677
78ef7e885d17f35e2382a47aae8b8cce,3,388.0,3,3,0.0,3,4.666666666666667
7901646fdd36a55f564ffaf2dbccaaf7,27,11857.08,22,22,0.09090909090909091,22,4.5
791cfcfe22fe4a771ece27f90017da92,1,298.13,1,1,1.0,1,1.0
79565f7d5603b24ddf07ade262547f2f,7,346.0,7,7,0.2857142857142857,7,4.428571428571429
7957cac1a02f45d0a4a7e45626382ec2,1,343.0,1,1,0.0,1,4.0
7963e546f34e098b578f9ad102494601,1,60.99,1,1,0.0,1,5.0
7994081388d55b9cf976c050653dd359,1,120.0,1,1,0.0,1,5.0
7994b065a7ffb14e71c6312cf87b9de2,7,453.0,5,5,0.0,5,5.0
79a679c36c08d606b3fd47ead9de109b,7,935.0,3,3,0.3333333333333333,3,2.0
79b93a308a97792cf53ac75f46da00b5,1,99.9,1,1,0.0,1,5.0
79ebd9a61bac3eaf882805ed4ecfa12a,140,14783.09,133,133,0.045112781954887216,133,4.06015037593985
79ed755314cfe6df0daef2c6cd3022cd,25,3907.5,23,23,0.0,22,4.7272727272727275
7a241947449cc45dbfda4f9d0798d9d0,66,7434.66,56,56,0.07142857142857142,55,4.1454545454545455
7a2d2949aea47fab95fd98d6c9f618b1,12,1638.99,11,11,0.0,11,4.2727272727272725
7a425d299613df3e613bcf9d2eaf5c49,18,1218.8,18,18,0.05555555555555555,18,4.111111111111111
7a67c85e85bb2ce8582c35f2203ad736,1155,139658.69,1145,1145,0.05240174672489083,1137,4.276165347405453
7a704e63bb29c446869efde5d57524c8,1,94.49,1,1,0.0,1,5.0
7a91bf945c6fae0779f1c61ce97fe45c,4,634.6,4,4,0.25,4,4.5
7a9c12e235c36247c3c81f50d6ea9cea,5,983.9,5,5,0.0,5,4.6
7aa4334be125fcdd2ba64b3180029f14,237,16012.949999999999,214,214,0.11682242990654206,213,4.131455399061033
7aa538dd6e114e503a2e6154ea352253,5,1016.6800000000001,5,5,0.0,5,4.4
7ab0dd5487bab2dc835337b244f689fb,1,12.5,1,1,0.0,1,5.0
7ad32824caee82087b3e2e5f33b1bf32,180,22018.1,147,147,0.1292517006802721,144,3.861111111111111
7ad41305e96a6cab8294cd65891e9a86,2,180.0,2,2,0.0,2,5.0
7adbd3210a7b3cc2235e225eef33574d,3,131.9,3,3,0.0,3,4.666666666666667
7ade73f1b9b4e965f9009a4c3a7e2c15,27,1835.3000000000002,26,26,0.0,26,4.769230769230769
7b07b3c7487f0ea825fc6df75abd658b,96,9259.47,91,91,0.04395604395604396,91,4.417582417582418
7b0df942f46435babab05d49b744b2c4,32,22600.63,32,32,0.09375,31,4.387096774193548
7b1222c3624aa89b9558b50a2594188c,22,10103.52,22,22,0.13636363636363635,22,4.454545454545454
7b3447b497e55af8c15fc7bd89d7b81a,1,49.9,1,1,0.0,1,5.0
7b3f6ce5c6c22e9b96e7581ebf0df6e1,1,29.8,1,1,0.0,1,3.0
7b7ed56ae755e2880f2b69632e839c1e,5,321.5,5,5,0.0,5,4.2
7b7f91e98f8c6def45a1407923304402,14,417.47,11,11,0.09090909090909091,11,4.181818181818182
7b8e8ec35bad4b0ef7e3963650b0a87b,5,2244.2799999999997,5,5,0.2,5,4.8
7b98de631987e26dd6d803490c43a13c,8,634.2,8,8,0.0,8,4.625
7bac63f6603d382cc8d0832eb6c100a8,19,7751.95,19,19,0.10526315789473684,19,4.0
7bb8fac2913a6064ec412e583c6d8b4d,1,109.0,1,1,0.0,1,5.0
7bcd7c5f8631701474db233ccf1c094b,8,419.0,8,8,0.0,8,4.375
7c1fea10b5b006671d608b1d7c446ec4,14,423.59999999999997,14,14,0.07142857142857142,14,4.0
7c4402417d51474d4d0cda9557340e40,1,119.9,1,1,0.0,1,5.0
7c4618c82226628831613e95e9c22f44,13,333.92999999999995,13,13,0.07692307692307693,13,4.076923076923077
7c462184585ae80bd6e5774c62ce50f2,2,60.0,1,1,1.0,1,3.0
7c4adcc13272c0e26fa23aac642adb7b,2,135.0,2,2,0.5,2,3.0
7c51de0ab286204ce75ff42bf7c10d92,4,759.0,4,4,0.0,4,4.5
7c5b05cbdb5542049f38d90d7815b97d,23,993.97,21,21,0.047619047619047616,21,4.523809523809524
7c67e1448b00f6e969d365cea6b010ab,1355,186570.05,973,973,0.09146968139773895,967,3.4984488107549123
7c9130f5f3729edd32aa059141d92484,4,126.0,3,3,0.0,3,3.3333333333333335
7caa63f175b1cecbfaadd8b5ab9998c7,1,19.9,1,1,0.0,1,1.0
7cb946b1ad19faebe28c3e86c2794ec3,1,25.0,1,1,0.0,1,5.0
7cf4ea70955b00d6b3c22542598e2715,1,189.9,1,1,0.0,1,5.0
7d13fca15225358621be4086e1eb0964,571,112436.18000000001,558,558,0.11469534050179211,555,4.0414414414414415
7d294cf9a6a69dc6a0c3e540fff0e039,5,257.25,5,5,0.0,5,4.4
7d456afc660226829370f3173d14520c,87,7892.35,54,54,0.037037037037037035,54,4.333333333333333
7d484ca289afaac6bf5fc6a1e96d2226,2,183.2,2,2,0.0,2,4.0
7d76b645482be4a332374e8223836592,183,3765.74,172,172,0.09302325581395349,170,4.0
7d7866a99a8656a42c7ff6352a433410,5,147.89,5,5,0.0,5,4.4
7d7d2b7a51328016102d4528c411d630,7,918.8,7,7,0.14285714285714285,7,4.142857142857143
7d81e74a4755b552267cd5e081563028,1,32.5,1,1,0.0,1,4.0
7d948535954aaf8c5d39db007f74372e,4,194.0,4,4,0.0,4,3.75
7daca0837f033a41a6f3428c18657533,7,1228.98,7,7,0.2857142857142857,7,3.5714285714285716
7dc8c42cc750eeafea6c85712ffee9bf,49,6160.68,40,40,0.05,40,4.2
7dc9a3355bae96dd82008b313d3a456c,1,899.0,1,1,0.0,1,5.0
7ddcbb64b5bc1ef36ca8c151f6ec77df,334,54435.66,325,325,0.08307692307692308,322,4.027950310559007
7dea6f73af847b42cc3985bd620f994d,2,324.0,2,2,0.0,2,4.0
7df1fc11cc5cbc518b39faa60cf5d67c,5,1037.6,5,5,0.0,5,4.2
7e1fb0a3ebfb01ffb3a7dae98bf3238d,169,26169.53,155,155,0.11612903225806452,153,4.189542483660131
7e26c750b4cb9f6766f58265ff9ebe95,27,1344.3,23,23,0.0,23,4.434782608695652
7e3f87d16fb353f408d467e74fbd8014,93,4653.09,91,91,0.06593406593406594,91,4.164835164835165
7e79d65b5c6f1f544b7daea036acf720,4,517.8,4,4,0.0,4,4.5
7e93a43ef30c4f03f38b393420bc753a,321,164582.49,318,318,0.04716981132075472,317,4.3627760252365935
7ea5bfa6c340f58f8e71fc1f0412b0d6,102,10838.41,96,96,0.0625,95,4.189473684210526
7ecd59e5e20407131822c1a68ac59c1f,29,1466.71,24,24,0.125,24,4.416666666666667
7ecef8194babfec876ca720714327841,8,990.5,7,7,0.0,7,4.285714285714286
7f02656561b680def9986c0795a8a080,1,42.0,1,1,0.0,1,5.0
7f152321c60a266edc53af1925ef96c1,20,3919.8,20,20,0.3,20,3.8
7f2617c58d5d06806987308b45654351,23,3656.8,22,22,0.09090909090909091,22,3.8181818181818183
7f35f9daf223da737b78738fbae4d977,5,252.0,5,5,0.0,5,4.0
7f40d06aa0b5f1aa4f41af8c0480e2ef,6,1309.94,6,6,0.0,6,4.833333333333333
7f5e4d5efad7e44b91115dd1decb65f3,9,179.9,3,3,0.0,3,5.0
7f7b8245c336066a1f9933c359f11d77,43,2094.36,38,38,0.02631578947368421,38,4.552631578947368
7fc87cc3e89b3d1d5cabdca32f8485aa,14,2153.9,14,14,0.21428571428571427,14,3.5714285714285716
7fdb0720c8d7c9075538b365dc8c3a22,10,1804.0,9,9,0.1111111111111111,9,2.4444444444444446
7fe21dd00d2f4943ae09525efa2fd674,2,169.8,2,2,0.0,2,5.0
7ff588a03c2aeae4fbd23f9ae64b760d,16,1182.2,14,14,0.0,14,4.642857142857143
800214c63934acd05d47e84214db8ba8,3,199.70000000000002,3,3,0.0,3,5.0
804287717b9156fb7a787acd9af4fac1,1,18.8,1,1,0.0,1,5.0
8060d731897e33b5c5ae575ce1e209e1,5,199.5,5,5,0.0,5,4.8
808d4348b916efa08e766ebad39f61eb,20,712.95,20,20,0.05,20,4.6
8090490573c6c0aa343a7231ebcb8c86,26,3871.1200000000003,26,26,0.07692307692307693,26,4.1923076923076925
809413606dbfe5deefd2db646693ef67,5,196.68,3,3,0.0,3,4.333333333333333
80ceebb4ee9b31afb6c6a916a574a1e2,1,6729.0,1,1,1.0,0,
80cfd480be3eb6d6267139f5cb793555,1,99.9,1,1,0.0,1,4.0
80e6699fe29150b372a0c8a1ebf7dcc8,97,11079.67,95,95,0.031578947368421054,94,4.329787234042553
80f2cf9abf6b5a0e5c612b5eea6646e6,6,654.08,6,6,0.16666666666666666,6,5.0
8132b9bd16876e1b0f8808d43825dd48,1,77.9,1,1,0.0,1,5.0
813348c996469b40f2e028d5429d3495,195,10813.53,172,172,0.046511627906976744,169,4.06508875739645
81336a0f57a33776419727a300249e90,18,1351.9,15,15,0.13333333333333333,15,4.066666666666666
8160255418d5aaa7dbdc9f4c64ebda44,424,46368.39,380,380,0.1368421052631579,376,3.9547872340425534
817245bcc3badd82bbd222e0366951a6,44,5345.6,28,28,0.03571428571428571,27,4.111111111111111
81783131d2a97c8d44d406a4be81b5d9,9,761.8399999999999,8,8,0.0,8,4.5
817f85dbb65aa3e70831d90fe75cdf89,5,778.87,5,5,0.0,5,4.8
8185694b58b2ba6de20fd41ae608bbea,8,1372.3,8,8,0.0,8,4.5
818d28f936e791926d33bcb6ee94ef79,4,111.6,4,4,0.0,3,4.0
81a1104df0f08b59c68aa5b03cfe398e,72,9320.98,72,72,0.041666666666666664,70,4.314285714285714
81ed90f07c0bacb7594940ba2ef676aa,2,223.9,2,2,0.0,2,4.5
81f89e42267213cb94da7ddc301651da,52,3955.0,46,46,0.0,46,3.6739130434782608
820c7c9eaf76d2b226b6c242bcf3f34d,1,559.0,1,1,0.0,1,4.0
820cc752a266cdc6c1a1e61dd4583330,15,2802.7999999999997,15,15,0.06666666666666667,15,4.133333333333334
821fb029fc6e495ca4f08a35d51e53a5,25,17851.62,24,24,0.3333333333333333,23,3.4782608695652173
822166ed1e47908f7cfb49946d03c726,108,3714.83,69,69,0.014492753623188406,68,3.985294117647059
822b63912576852aea9a8436d72317b7,4,615.96,3,3,0.0,3,5.0
822bad9bc42b51213ba522fe87b7ab5d,18,5160.0,18,18,0.2777777777777778,18,4.111111111111111
827f8f69dfa529c561901c4f2e0f332f,103,3380.49,90,90,0.06666666666666667,88,4.2727272727272725
82921991ff5b557b045605b8bbf08d49,1,18.9,1,1,0.0,1,5.0
82bd0703a4aefd6b599e5bfdaed378fb,17,2104.79,16,16,0.0625,16,4.125
82cb9f452fe8334df74b22d37824b431,18,838.2,14,14,0.0,14,4.714285714285714
82e0a475a88cc9595229d8029273f045,79,10748.02,41,41,0.0975609756097561,41,3.707317073170732
830379336fad8c6f3b15a4a3ddb5c66e,4,268.0,2,2,0.0,2,4.5
83353a83fd769dfafa4f21a72b15e3e5,5,579.5,5,5,0.2,5,3.8
834f3294fba9f932f56edc879193f925,66,39907.5,66,66,0.06060606060606061,66,4.545454545454546
834f8533b2ecb6598dd004ff3de7203a,45,4324.349999999999,41,41,0.14634146341463414,41,3.951219512195122
835f0f7810c76831d6c7d24c7a646d4d,48,4990.200000000001,42,42,0.2619047619047619,42,3.357142857142857
83645b1645cdee8953ee54c29ceed564,14,978.9,14,14,0.0,14,4.428571428571429
8378eb36b6b70c5734e83ad7b8cdc3b7,13,1714.8,7,7,0.14285714285714285,7,3.857142857142857
83a75eea11694e36e56dd0cb2240229a,3,487.0,3,3,0.0,3,5.0
83b08de96980757220871b31bf6cffca,7,1304.17,5,5,0.2,5,4.0
83c465a786b06574376909b35ef6752a,3,281.4,3,3,0.0,3,5.0
83c8aafbefb034674a70de0eac5b8954,2,134.9,2,2,0.0,2,5.0
83deb69e889cf80f82be1dc6d5f2d486,42,5363.01,40,40,0.05,40,4.325
83e197e95a1bbabc8c75e883ed016c47,54,6574.1900000000005,46,46,0.021739130434782608,46,4.804347826086956
83f2b4881141ce3fcd4e985125d3279e,3,60.7,3,3,0.0,3,5.0
8444e55c1f13cd5c179851e5ca5ebd00,102,21480.96,92,92,0.06521739130434782,92,3.369565217391304
845e8036c3f7bf62099352f5ed910240,24,1584.6000000000001,21,21,0.0,21,3.9523809523809526
8476243f92442881ddd5b578975cf115,12,7838.0,12,12,0.08333333333333333,12,4.083333333333333
84c945f15571830c1a91a33978e94009,2,51.98,2,2,0.0,2,4.5
84deb808079d1be601c209c1e771b1cc,2,34.93,2,2,0.0,2,5.0
85044848b1b767db2a4a58526adef4b4,4,240.60000000000002,4,4,0.0,4,3.25
850857dfac77488c307e2b1cbd84ab5a,1,1599.0,1,1,0.0,1,5.0
850913d59ce317156b00f3705f1c3edb,30,2183.0,29,29,0.1724137931034483,29,3.586206896551724
850f4f8af5ea87287ac68de36e29107f,191,45285.37,186,186,0.04838709677419355,183,4.295081967213115
851773c885feb5e2da3b4f82bc2b17ce,10,585.3,10,10,0.2,10,4.2
855668e0971d4dfd7bef1b6a4133b41b,311,30849.22,300,300,0.12666666666666668,296,3.85472972972973
8581055ce74af1daba164fdbd55a40de,427,64011.22,380,379,0.08179419525065963,379,4.308707124010554
85cc55e048b6bcc90c75afe7f0e72f72,9,308.28,9,9,0.2222222222222222,9,4.444444444444445
85d9eb9ddc5d00ca9336a2219c97bb13,511,15086.34,498,498,0.02208835341365462,495,4.224242424242425
85e7c62c1d6ea078c3897424f867a7c8,2,60.0,2,2,0.0,2,4.5
85ecf03781da592876b7844acc1b729f,2,251.0,2,2,0.5,2,4.5
8602a61d680a10a82cceeeda0d99ea3d,19,826.99,17,17,0.0,17,4.411764705882353
8603f0038fe0e52fedd3382d266723de,10,2355.0,10,10,0.0,10,4.4
8629a7efec1aab257e58cda559f03ba7,1,45.22,1,1,1.0,1,1.0
8629c241b3622ac12cd4118afdc8d394,13,1167.66,13,13,0.07692307692307693,13,4.076923076923077
863d2ebcd347ce4922de7a0f9a5581d6,18,1312.36,17,17,0.11764705882352941,17,4.0588235294117645
8648b1e89e9b349e32d3741b30ec737e,100,7228.75,93,93,0.0967741935483871,93,4.150537634408602
866558b3bccef2dbc6d29a2b5995016f,6,1519.3999999999999,5,5,0.0,5,4.8
86bb7c4b535e49a541baf3266b1c95b1,13,6872.7,13,13,0.23076923076923078,12,2.9166666666666665
86bf77bdb52e615674772d5817c6212f,5,281.8,4,4,0.0,4,4.75
86ccac0b835037332a596a33b6949ee1,208,15894.34,178,178,0.02247191011235955,177,4.231638418079096
86ff3eaef0267069cc891a2ed9d10a17,7,409.75,7,7,0.0,7,4.714285714285714
870d0118f7a9d85960f29ad89d5d989a,61,3157.2,45,45,0.044444444444444446,45,4.044444444444444
87142160b41353c4e5fca2360caf6f92,339,31095.98,305,305,0.03934426229508197,304,4.404605263157895
8759e7aedd644f487315e5860962f162,3,627.0,3,3,0.3333333333333333,3,3.6666666666666665
876182d1918783bbe15233febfbd4926,3,120.27,3,3,0.0,3,4.0
87b4428a334b8f676fd9a7f3bf544fb5,1,29.99,1,1,0.0,1,5.0
87b740daf17b5d1be335a64164ec6842,11,12099.89,11,11,0.09090909090909091,11,3.727272727272727
87d30a6a0cbf89356e49324971ab1d24,17,2134.13,17,17,0.058823529411764705,17,4.352941176470588
87d3c3aeb3ead335511b3ce315eb341e,15,749.3499999999999,15,15,0.06666666666666667,14,3.5
87d73636a3acf123e842bb890a4db036,1,269.9,1,1,0.0,1,5.0
87e24fc7052259b1f7f607d61c10d8be,7,7073.59,7,7,0.14285714285714285,7,3.857142857142857
880ce4951cf857ab1d9e0b75c1d856f4,1,178.9,1,1,0.0,1,5.0
883dd81e82754ac2c65e9790a7db8c9a,5,319.5,5,5,0.0,5,4.4
88460e8ebdecbfecb5f9601833981930,300,31320.4,246,246,0.17073170731707318,245,3.4326530612244897
888faa8bfb0b159c37de6d898b961c31,23,2418.2999999999997,19,19,0.0,19,4.2105263157894735
889009a0ed0bb52c87819941192931b8,1,89.9,1,1,0.0,1,4.0
88ae906ea2acf6971f26c3e8b7cb4357,3,246.0,3,3,0.3333333333333333,3,3.3333333333333335
88cd3681e0a2ba85e190f7d817629c4c,1,180.0,1,1,0.0,1,4.0
88cf19ec1fc2c58f161aee259d57142c,14,1372.97,14,14,0.0,14,4.5
88ef59b51bdaa941d10a853429f2b6ce,2,252.9,2,2,0.0,2,2.0
891071be6ba827b591264c90c2ae8a63,90,3763.35,85,85,0.1411764705882353,85,3.9529411764705884
8931a84a914b3fe9b1ddaa4d704947ca,32,4668.3,29,29,0.06896551724137931,28,4.071428571428571
8936ba0de1073ee888cb3185ae5dc661,1,389.99,1,1,0.0,1,5.0
897060da8b9a21f655304d50fd935913,412,21669.51,303,303,0.10231023102310231,300,3.7266666666666666
89757206b887aed36f3e18d858460fea,2,120.5,2,2,0.0,2,5.0
89a51f50b8095ea78d5768f34c13a76f,11,677.16,10,10,0.0,10,4.7
89ad3263c0931c47f976d7c5778e60f6,6,568.2,6,6,0.0,6,4.166666666666667
89bc797e2e29667aa035d4368f9b7f92,14,243.9,12,12,0.25,12,4.083333333333333
89c127985a8b130cfa45c1d36764017a,6,1334.67,6,6,0.0,5,3.4
89d9a386b0b6e5fc8403071b03f7206a,5,167.0,2,2,0.0,2,4.0
89dda63a3c907c468ec88c310ed91213,1,44.99,1,1,0.0,1,5.0
89de2d6f23e9746ff309705b23581faa,8,340.0,8,8,0.0,7,2.7142857142857144
89f69225956f951295ca4c7fb1266553,12,1041.3,11,11,0.0,11,4.2727272727272725
8a130737016f838139d31878787a39c9,62,4222.03,56,56,0.07142857142857142,56,4.446428571428571
8a1ff5c35f6595a73fef4c7b96e4908a,2,1598.0,2,2,0.0,2,5.0
8a207b6080964f3c1fc9d35bd6096ba4,3,553.7,2,2,0.5,2,5.0
8a2d12a90e92f012ce5226fc6592b653,18,1594.6499999999999,18,18,0.0,17,4.588235294117647
8a32e327fe2c1b3511609d81aaf9f042,168,6071.13,125,125,0.032,124,3.9596774193548385
8a40ae794fa3f9892cee24bd5af0488b,6,739.85,6,6,0.3333333333333333,6,3.1666666666666665
8a43128d7f9a3db592b866e6861a6cce,4,990.5999999999999,3,3,0.0,3,2.3333333333333335
8a432f4e5b471f8da497d7dc517666e2,106,7555.0,95,95,0.021052631578947368,94,4.191489361702128
8a87611c08849ffeeccab52aa798b6c7,6,587.9,6,6,0.0,6,4.666666666666667
8a8835a43bda99fd37310ad76c457510,3,224.34,2,2,0.0,2,4.5
8a9260f2b0340411d6d2a56bcf4f7378,9,1256.0,8,8,0.0,8,4.75
8ab42aa58097fd4668d60cc648225d5f,26,2616.75,20,20,0.0,20,4.2
8ae520247981aa06bc94abddf5f46d34,65,16320.99,65,65,0.0,65,4.446153846153846
8b181ee5518df84f18f4e1a43fe07923,1,27.9,1,1,0.0,1,5.0
8b2492b7ff4468839593fafeed55bad9,45,3660.08,29,29,0.06896551724137931,29,4.172413793103448
8b28d096634035667e8263d57ba3368c,151,9025.3,139,139,0.1079136690647482,137,4.014598540145985
8b2d4ab22f42c5cfc338b846decfda60,9,458.0,6,6,0.0,6,4.833333333333333
8b321bb669392f5163d04c59e235e066,1005,17262.94,930,930,0.08709677419354839,926,4.10475161987041
8b655f0855926bcb49f5835d38dfddf6,5,1089.5,5,5,0.0,5,4.8
8b87cd0d43d49b9bdf40f56229364d59,2,729.0,2,2,0.0,2,5.0
8b8cfc8305aa441e4239358c9f6f2485,15,11892.0,15,15,0.13333333333333333,15,4.2
8b9d6eec4a7eb7d0f9d579ce0b38324d,52,4159.55,48,48,0.14583333333333334,48,4.0625
8bb48dc19fccaa8613b6229bf7f452a2,95,4190.72,82,82,0.024390243902439025,82,4.414634146341464
8bd0e3abda539b9479c4b44a691be1ec,12,425.75,6,6,0.3333333333333333,6,2.5
8bd0f31cf0a614c658f6763bd02dea69,35,4455.34,33,33,0.030303030303030304,32,4.28125
8bdd8e3fd58bafa48af76b2c5fd71974,10,2135.83,10,9,0.1111111111111111,10,4.9
8c0de775f52fe41590b376a3b7c50f68,8,594.8000000000001,8,8,0.0,8,4.25
8c16d1f32a54d92897cc437244442e1b,115,5529.83,105,105,0.009523809523809525,104,4.336538461538462
8c351ed7c326c62123318f4f3246e906,2,114.9,2,2,0.0,2,5.0
8c3b533c63cca56240f94f1e3a6b18ef,5,1849.5,3,3,0.6666666666666666,2,2.0
8c5e007d7bd5693fa1386ffefbc99f6c,24,1029.11,9,9,0.0,9,4.333333333333333
8c91bfea4263b8fba54081460693e2a1,2,739.0,2,2,0.0,1,5.0
8c9348f33ae3dada25c99c99ade2af78,2,312.99,2,2,0.0,2,5.0
8ca1551acf9832a4cf467bbbac15851f,12,2176.4,11,11,0.09090909090909091,11,3.909090909090909
8ca5b19e0263150d2c57afdde2b3d011,4,180.60000000000002,3,3,0.0,3,4.666666666666667
8cb7c5ddf41f4d506eba76e9a4702a25,1,69.0,1,1,0.0,1,5.0
8cbac7e12637ed9cffa18c7875207478,81,2955.98,66,66,0.06060606060606061,66,4.166666666666667
8cc6a0e5738e61a87b03c78b2ba9db4b,24,13272.7,23,23,0.08695652173913043,23,4.478260869565218
8ccf3cf69651cc1d8a02c8bfaf3b8568,2,250.0,2,2,0.5,2,3.5
8cf21434553b02cbd37c0bbd07e041b0,1,49.99,1,1,0.0,1,4.0
8d46553a36e68f95350a200c12f8f2e2,11,660.0,9,9,0.0,9,4.222222222222222
8d79c8a04e42d722a75097ce5cbcf2ef,27,2627.82,26,26,0.07692307692307693,26,4.576923076923077
8d899e15a5925f097cca50faa49b15e3,10,645.0,4,4,0.25,4,3.75
8d92f3ea807b89465643c219455e7369,8,121.2,3,3,0.6666666666666666,3,1.0
8d956fec2e4337affcb520f56fd8cbfd,227,10988.2,210,210,0.06190476190476191,210,4.214285714285714
8daab2245ebdc277c51098d01c5ad8ef,16,1604.59,16,16,0.0,16,4.625
8dd386be0767c330276ea6a3f96532d3,2,89.98,1,1,0.0,1,5.0
8de8fe3af4449ed695d2434c933ed73e,1,2090.0,1,1,0.0,1,5.0
8def3db7f272735afb2ecd03aeca09a7,2,196.0,2,2,0.0,2,5.0
8dfbc5ff27df12f6cef751d3b9554222,4,226.0,4,4,0.0,4,4.5
8e29d051f810eb22959ede205b462b9f,2,599.8,2,2,0.5,2,4.0
8e2b3afb420011ef0c88c9d5f11ea526,11,1384.5,11,11,0.09090909090909091,11,4.2727272727272725
8e34331b7eedd03be4e5d965c1956225,5,145.0,5,5,0.2,5,4.8
8e4f041ff58e7845456d3482524014b3,2,133.8,2,2,0.5,2,3.0
8e670472e453ba34a379331513d6aab1,1,975.0,1,1,1.0,1,1.0
8e6cc767478edae941d9bd9eb778d77a,108,5929.35,100,100,0.06,98,4.061224489795919
8e6d7754bc7e0f22c96d255ebda59eba,129,14107.380000000001,84,84,0.13095238095238096,84,3.607142857142857
8e8a7ce9f2f970dc00e2acf6f6e199f6,64,8821.0,63,63,0.06349206349206349,63,3.984126984126984
8ea394aed8138685abe1eb9f25e1021d,2,1340.0,2,2,0.0,2,4.0
8eb88b0acb3f90a717ad659221471fa7,2,119.8,2,2,0.0,2,4.5
8ec76bb0965af3f007692b26fa9d6623,1,1999.0,1,1,0.0,1,5.0
8ed8ea9a57c862f2c18c2fe41f601d56,19,3831.9,19,19,0.0,19,4.473684210526316
8f0fbe2cd4d472157dc1cdef6edecaa9,2,71.88,2,2,0.0,2,3.0
8f119a0aee85c0c8fc534629734e94fd,81,3578.88,75,75,0.04,75,4.28
8f2b51a30523cdecddc2f179f351c7d6,8,1027.9,7,7,0.0,7,4.142857142857143
8f2ce03f928b567e3d56181ae20ae952,172,21213.2,151,151,0.12582781456953643,150,4.1466666666666665
8f54d64f28a993550aa7943f12572959,16,2755.5,15,15,0.06666666666666667,15,3.7333333333333334
8f580d36c1e9d6fbce95283403c7d447,8,4813.25,8,8,0.125,8,4.375
8f78f0903005064036736c7173a5c2ed,21,2113.7000000000003,13,13,0.0,13,3.769230769230769
8fb67a334bacec338885b4e9e1708073,1,59.9,1,1,0.0,1,5.0
8fb791022c1fc8909664f48ab7dc636d,5,8119.95,5,5,0.0,5,4.2
8fbd63429be6d3e5e6d1a709b6464802,8,1061.4,6,6,0.0,6,4.833333333333333
8fbe2ee446b97e128471be4ce983dc0d,3,148.5,3,3,0.3333333333333333,3,3.0
8fd3b4468f6425810648177996c14cbd,1,354.9,1,1,0.0,1,5.0
8fdca8e349553f99bc738833a62c8802,28,881.35,21,21,0.047619047619047616,20,4.15
8fe8786ee000001ab51d030dfd4a7bf1,5,2255.0,5,5,0.0,5,4.6
8fec2e460530482132c436cfb5439925,5,468.46,3,3,0.3333333333333333,3,4.333333333333333
8ff1a9df749e454105c55cda13e79143,14,1400.6000000000001,13,13,0.0,11,3.727272727272727
8ff38bc3969e67c36c48343a07090f66,8,3472.0,2,2,0.0,2,2.5
8fff28c4263ddec387f28d237fb42773,4,58.6,2,2,0.0,2,5.0
900ba814c251a692506d7834c1218441,86,28833.03,86,86,0.13953488372093023,84,4.226190476190476
901b460cdce0c64e471230d7f2f9f3a3,5,1904.0,5,5,0.0,5,4.4
902c99f1ac505c0d18778b61bcd636f7,3,123.47,3,3,0.0,3,5.0
903037660cf848a717166eb7a06d616e,59,7935.18,44,44,0.11363636363636363,44,3.9545454545454546
90b36c5aeb728d5504a39f435bef0c5f,4,153.89,4,4,0.0,4,5.0
90b57083da5d803237da74daec6dcb2b,2,206.9,2,2,0.0,2,5.0
910a922b426b7ff95eaee129ad6c0e1f,2,119.8,2,2,0.0,2,5.0
913fd0ebba70bb919f7254a02239173c,1,159.9,1,1,0.0,1,1.0
9140bd1d9de28b197dce077bdd687438,8,1258.87,6,6,0.0,6,4.166666666666667
9140ef75cc8211c4035935e80e567204,1,49.9,1,1,0.0,1,5.0
91543f9849d68d023e17194926598543,6,834.0,4,4,0.0,4,4.5
916748bc99315c2d202898ae58b1617e,32,369.40000000000003,25,25,0.0,25,4.28
916c9de0b5ad957346eeeb12f332687e,27,5336.5,22,22,0.0,22,4.545454545454546
918717417d88a9f9ae9735567e6c7682,4,345.70000000000005,4,4,0.0,4,5.0
918f6fbcf3ab724d805867303e593a1b,3,79.69999999999999,2,2,0.0,2,4.0
9198786624eaeb375793215cad26cfa6,9,854.4,8,8,0.0,8,4.0
91f0eec23d4a61d7d7caeefa3f0ad1ca,11,2190.8,11,11,0.2727272727272727,11,3.5454545454545454
91f5779a8731baca4809fdeade81803f,6,1971.46,6,6,0.0,6,3.8333333333333335
91f848e9f4be368f4318775aac733370,70,5668.61,60,60,0.016666666666666666,58,4.396551724137931
9200e6ce317b67196b6b0bad4d4bd567,1,36.9,1,1,0.0,1,3.0
921323538c9f1c4e816f2720eac02bea,17,1401.84,15,15,0.2,15,3.933333333333333
9261d76c62caaf0b24677c2ceb7f8f20,7,968.7,6,6,0.0,6,3.8333333333333335
929f342384a6607afe143d789ade1316,4,209.4,4,4,0.0,4,5.0
92c8bc6e8f925792247656fed09aad65,2,134.8,2,2,0.5,2,3.0
92d14edfb62ee5ae7fdff70b0f4e7233,13,322.0,8,8,0.0,8,3.375
92eb0f42c21942b6552362b9b114707d,358,6416.41,334,334,0.04790419161676647,332,4.021084337349397
9315e491484b1b0081ca166fc164108d,1,29.99,1,1,0.0,1,3.0
933446e9a59dece7ae9175103820ca8f,1,64.99,1,1,0.0,1,5.0
934ed5cd1b9c1c7382d0a94a94b9e639,1,125.85,1,1,0.0,1,5.0
939e6227d6964a11a70aa91243e418f2,4,425.0,4,4,0.0,4,4.25
93b9a99027bd8bd6af682aff18dd19bf,20,1916.0,19,19,0.0,18,4.111111111111111
93bef6edaa84956e8e575016449b6351,1,115.0,1,1,0.0,1,5.0
93dc87703c046b603023e75222018b45,34,8149.35,33,33,0.09090909090909091,31,4.129032258064516
94144541854e298c2d976cb893b81343,76,17286.28,68,68,0.04411764705882353,67,4.253731343283582
941554c5757b73ba0e50aa7732310afc,4,107.69,3,3,0.0,3,4.666666666666667
94165aea8a35c3c21499cbcae239b16c,1,180.0,1,1,0.0,1,2.0
94231344608e603693b0a8891143f65d,3,722.0,3,3,0.0,3,4.0
9449f25aeaf531019b76999ea49a6949,9,1979.55,9,9,0.2222222222222222,9,4.222222222222222
9485a23c0430ba1d58d359391606fce6,4,830.9,4,4,0.25,4,3.75
94b9108d4b637ba65bb4f1e53cfcf8d8,8,234.95999999999998,7,7,0.14285714285714285,7,4.428571428571429
94c49f20a123aeb9360dbf80ff912bf6,3,277.75,3,3,0.0,3,3.6666666666666665
94ca168e8bcb407ab85c5da308863027,5,224.3,5,5,0.0,5,5.0
94d76e96eedd976258cd3278ce56d5f2,1,385.61,1,1,0.0,1,5.0
94e93ce877be27a515118dbfd2c2be41,34,5436.58,29,29,0.0,28,4.035714285714286
951e8cef368f09bb3f3d03c00ca4702c,69,3993.31,62,62,0.06451612903225806,60,4.133333333333334
9523fb39dd240aa958e040f8183d64f3,1,146.99,1,1,0.0,1,1.0
9535a841eecebed61a9fb1ac1cbb5597,2,784.9,2,2,0.0,2,3.0
9539213aa8e023c01937bef95dc006da,9,229.1,9,9,0.1111111111111111,9,4.555555555555555
954e95f20808d7e5d11f0de292d078e0,4,158.78,3,3,0.0,3,4.666666666666667
9558aa23f77a9e0a0eca83540999f43b,1,39.0,1,1,0.0,1,5.0
955fee9216a65b617aa5c0531780ce60,1472,131836.71,1261,1261,0.06106264869151467,1253,4.201117318435754
9596c870880d900012f2e8e6e30d06d7,23,7625.35,21,21,0.047619047619047616,21,4.285714285714286
9599519be538b98748162a2b48248960,3,570.0,1,1,0.0,1,1.0
95b293867b5862941c9cd74f756a3c68,9,648.1,9,9,0.4444444444444444,9,3.5555555555555554
95cca791657aabeff15a07eb152d7841,1,9.99,1,1,0.0,1,5.0
95e03ca3d4146e4011985981aeb959b9,190,10865.16,172,172,0.03488372093023256,170,4.017647058823529
95ec4458365c4d11f452ccf538377619,31,1866.76,27,27,0.037037037037037035,26,4.615384615384615
95f83f51203c626648c875dd41874c7f,65,3077.6600000000003,50,50,0.04,50,3.7
960945e1a9535cbc0cd6ddd35fbe7ae8,29,3381.73,28,28,0.0,28,4.642857142857143
9616352088dcf83a7c06637f4ebf1c80,97,5643.099999999999,91,91,0.0,91,4.351648351648351
961dff0a659b4561334372337dd897d9,3,7297.0,3,3,0.0,3,4.666666666666667
9646c3513289980f17226a2fc4720dbd,76,2964.4,69,69,0.028985507246376812,69,4.449275362318841
96493fab2fbb13a14d0c0e8772eef5c3,64,18969.0,63,63,0.06349206349206349,62,4.064516129032258
964ff64dc05b13811c6d0f41e0aa5f6b,1,180.0,1,1,0.0,1,5.0
966cb4760537b1404caedd472cc610a5,67,45928.26,67,67,0.029850746268656716,67,4.134328358208955
9674754b5a0cb32b638cec001178f799,95,4941.7300000000005,84,84,0.023809523809523808,84,4.107142857142857
96804ea39d96eb908e7c3afdb671bb9e,39,3530.75,37,37,0.02702702702702703,37,4.135135135135135
968268a686aa05d1f529fb07dff08130,12,4677.29,12,12,0.0,12,3.5
968ee78631915a63fef426d6733d7422,2,450.0,2,2,0.0,2,3.0
96e5dc09087bad639b4ee193104ec2e5,2,101.9,2,2,0.0,2,4.5
96f7c797de9ca20efbe14545bed63eec,3,138.60000000000002,1,1,0.0,1,1.0
972d0f9cf61b499a4812cf0bfa3ad3c4,86,7910.42,81,81,0.1111111111111111,79,3.0253164556962027
973f21788dfab357250f69a8dcb7ddee,19,819.0,9,9,0.5555555555555556,9,2.111111111111111
974cf2cb8f4b7add98709c30df02fe10,30,2694.7,30,30,0.03333333333333333,30,4.166666666666667
97512d3fc193b2d1dfcdba0f9d1f0f8a,13,1458.8700000000001,12,12,0.08333333333333333,12,4.25
977f9f63dd360c2a32ece2f93ad6d306,24,2730.07,23,23,0.08695652173913043,23,3.869565217391304
979e9f8b5b39dd243a2550c8b05aecf0,4,525.0,3,3,0.0,3,5.0
97e4a63591ca439a2b8b7efd20e6e19e,5,349.95,5,5,0.0,5,4.4
97e50a621f8e801f4baf69e08687c192,1,89.9,1,1,0.0,1,5.0
97e995629983723d11830a829bc2b246,5,499.5,5,5,0.0,5,4.8
9803a40e82e45418ab7fb84091af5231,18,4278.75,11,11,0.0,11,3.727272727272727
980640c45d7a4635885491d077167e4d,14,1004.29,14,14,0.07142857142857142,14,4.642857142857143
98115075dd26cb8835946fc6086f5d30,4,434.96000000000004,4,4,0.0,4,4.75
984c273121e743dd14767befe6cb17f5,1,259.6,1,1,1.0,1,1.0
9853a239ab7b7ebbdc3a21248d5b8e1f,4,242.0,4,4,0.25,4,3.75
985c92cc412091f8529c12d7f23d3fef,12,1368.5,12,12,0.0,12,4.75
989becdce12ebc39863c2bceab6f3ca1,14,6164.9,14,14,0.07142857142857142,14,4.928571428571429
98dac6635aee4995d501a3972e047414,190,4115.75,89,89,0.0449438202247191,88,4.1477272727272725
98dddbc4601dd4443ca174359b237166,2,158.0,2,2,0.0,2,5.0
98e164d549402270247f3c96a1a158ef,2,162.7,2,2,0.0,2,2.5
98f52e1020fe788c10c0418de4393fec,1,21.6,1,1,0.0,1,4.0
99002261c568a84cce14d43fcffb43ea,36,4088.0,36,36,0.05555555555555555,36,3.7222222222222223
9906e7aa42a3c067b7c9a564d01c4320,16,2619.0,12,12,0.16666666666666666,12,4.5
994f04b3718c2bab35c2adfa8afecd2a,55,3289.8,47,47,0.06382978723404255,47,4.297872340425532
9996ae921c50e8dff411ac69c0b4bb8b,3,29.700000000000003,2,2,0.0,2,2.0
999f6d9a1c7c81f43be44c6b7d076210,2,28.0,2,2,0.0,2,4.5
99a25c39b28a74d1151c35c18d178292,6,173.94,1,1,0.0,1,5.0
99a54764c341d5dc80b4a8fac4eba3fb,66,3578.7599999999998,44,44,0.11363636363636363,43,3.6744186046511627
99cd94252748d2bdde08e17858233602,2,159.8,2,2,0.0,2,4.5
99eaacc9e6046db1c82b163c5f84869f,66,12443.28,62,62,0.11290322580645161,62,3.9838709677419355
9a03a4e9eb0b947652fae4f6121a3f5e,7,1497.0,7,7,0.0,7,3.857142857142857
9a1aea68d3efa00862ec88c0768037d0,8,1309.2,7,7,0.0,7,4.428571428571429
9a84ba99f5367fdbd4598363496f1ea2,15,2223.38,15,15,0.0,15,3.8
9aa388272ee334b6ae07bc73706e254a,7,678.0,6,6,0.0,6,4.333333333333333
9ac4f14370b1e24ddc58be041b7f99df,5,314.51,5,5,0.0,5,4.4
9ac75591b69c3402684b6ce0310f22ee,1,60.5,1,1,0.0,1,5.0
9add47bf45ce8e8c7db6b9cf670b1e09,43,4606.4400000000005,41,41,0.024390243902439025,40,4.225
9b00cad94ef3078faf6fba2e792c158f,1,354.9,1,1,0.0,1,5.0
9b00ed88b7fdb95d6ff76e27c1b52d16,50,1567.88,46,46,0.06521739130434782,46,4.543478260869565
9b013e03b2ab786505a1d3b5c0756754,220,8714.55,170,170,0.041176470588235294,169,4.218934911242603
9b1585752613ec342d03bbab9997ec48,3,4248.98,3,3,0.0,3,3.6666666666666665
9b1ab052f5fca308ba743ac789ebb2e1,2,294.09000000000003,2,2,0.0,2,4.0
9b1f656ca3060f8af17a50d8a024b533,2,41.0,2,2,0.5,2,5.0
9b522ba7eae9e1d04082f267144583cc,5,1478.6,3,3,0.3333333333333333,3,4.666666666666667
9b76ad3d04236f76bc71c59470305e13,3,394.70000000000005,2,2,0.0,2,5.0
9bade61a92bed55a25d2b67b9f4ed739,3,117.68,2,2,0.0,2,3.0
9baf5cb77970f539089d09a38bcec5c3,32,5989.68,31,31,0.0,31,4.419354838709677
9bc484c87d79cd4874e05ca182658045,8,970.0,8,8,0.125,8,4.25
9bcdfa7b615b3abb9461d9e3ad9886ae,20,2126.07,14,14,0.07142857142857142,14,4.428571428571429
9bf11dfc0bec77e5a23028043c3c5a8f,1,115.0,1,1,1.0,1,1.0
9c068d10aca38e85c50202e17b4a7e88,17,2658.9,17,17,0.17647058823529413,16,4.125
9c0e69c7bf2619675bbadf47b43f655a,200,32720.4,151,151,0.08609271523178808,150,4.2
9c1c0c36cd23c20897e473901a8fb149,7,544.97,6,6,0.0,6,5.0
9c3a1c416c765687bc79a04113269929,1,74.9,1,1,0.0,1,1.0
9c3c24eca51c52b91c1de727d2a2ae06,5,257.6,5,5,0.0,5,4.6
9c4d31c7e46ab03a43fc06e3142afd4e,2,1218.9,2,2,0.0,2,4.5
9c54608f0996c32ae4743089d915f845,3,194.8,3,3,0.0,3,4.0
9c57bc60cfad5ee62d35d3f1ce4593a1,1,180.0,1,1,1.0,1,1.0
9c690ceacd5c66731bf443ea810195cb,12,871.8,10,10,0.0,10,4.3
9c7fd21e0aa159b20da593371f08ff7c,8,798.3,7,7,0.14285714285714285,7,3.2857142857142856
9cad4b68bb993ee401a3c5aaa2bc26dd,7,649.3000000000001,5,5,0.2,5,2.8
9cea4682e16655f7da87f406902e989e,9,87.75999999999999,4,4,0.0,4,4.0
9cf787a239c1aa29dbd76f153dc13f9a,4,316.0,4,4,0.0,4,4.75
9d213f303afae4983637247556438ede,3,47.7,2,2,0.0,2,5.0
9d39404483343dd55c7ae254494d8388,10,293.2,10,10,0.1,10,3.5
9d489893ff6af05029671b785f54b998,6,298.7,5,5,0.0,5,4.0
9d4db00d65d7760644ac0c14edb5fd86,99,9845.710000000001,97,97,0.041237113402061855,96,4.541666666666667
9d5604a1f112324ad6b2aa552122e0fb,17,421.5,13,13,0.0,13,3.5384615384615383
9d5a9018aee56acb367ba9c3f05d1d6a,78,10119.98,66,66,0.015151515151515152,66,4.454545454545454
9d681c7e12db302cb261e721040dde65,14,785.6,13,13,0.0,13,4.923076923076923
9d69ba0a7a626a64dc5db08e529559cf,1,19.3,1,1,0.0,1,5.0
9d7a1d34a5052409006425275ba1c2b4,16,1054.82,13,13,0.07692307692307693,13,4.384615384615385
9da15f4a4ea758d9eeb49000dbe57e22,1,196.9,1,1,1.0,1,2.0
9da1ca0bef29ee170e541927a5aeabdc,6,1484.3999999999999,6,6,0.16666666666666666,6,3.0
9dc79dd988ac42f4d56c340d7048420a,4,749.6,4,4,0.0,4,4.75
9dd459b29a14bf89d47183cf2cd0e4c7,2,180.0,2,2,0.5,2,5.0
9dd59e43f0c9f0553244e8f9c2fb247e,10,356.3,10,10,0.1,10,4.8
9dda5bbacd45e18d6485fee649205d09,22,1912.6000000000001,19,19,0.05263157894736842,19,4.105263157894737
9de4643a8dbde634fe55621059d92273,81,17560.34,72,72,0.027777777777777776,72,4.527777777777778
9df5750209b83567ec144eb299d7d634,10,4327.0,10,10,0.1,10,3.9
9e25199f6ef7e7c347120ff175652c3b,1,12.5,1,1,0.0,1,4.0
9e6229250fedbe05838fef417b74e7fb,77,12962.300000000001,73,73,0.0273972602739726,73,3.8904109589041096
9e6967d3cf386d284251784b18ccb485,11,517.67,9,9,0.1111111111111111,9,3.888888888888889
9e7c5f4d7770eab65738cca38f9efccf,2,184.8,2,2,0.0,2,3.5
9e94fa26a70ede4d26226e918e8706a2,1,62.8,1,1,0.0,1,5.0
9e9b539eb2806acee3f5c28085c1db9f,3,967.0,3,3,0.3333333333333333,3,3.6666666666666665
9ed65337433adfbedefd23dd76eaa494,6,1262.6,6,6,0.0,6,4.833333333333333
9ef932e837d8b7f392c0bfee9d359dc2,1,59.9,1,1,1.0,1,3.0
9f50216bfd01913736a55a11b55ea842,19,1354.0,17,17,0.11764705882352941,17,4.411764705882353
9f505651f4a6abe901a56cdc21508025,426,25912.84,393,393,0.04071246819338423,390,4.366666666666666
9fbd5666d8618fa571c4230fafa09bd6,1,79.9,1,1,0.0,1,5.0
9fc70243fb26800cba56e8f014797004,7,466.6,6,6,0.0,6,4.5
9fe7c6641c79970ab48185498f547c09,1,130.0,1,1,0.0,1,5.0
a00824eb9093d40e589b940ec45c4eb0,3,9399.97,3,3,0.0,3,4.666666666666667
a0415d9b25ede3c4b1e477e9916ffc03,9,3544.2,9,9,0.0,9,4.222222222222222
a066df7361163e7ddc5d7452dd17448b,17,1078.3,15,15,0.2,15,4.4
a06c8ff043abea0528ee44171e2140a2,8,514.5,8,8,0.0,8,4.75
a080fc8a850289b27500f6b49cca2553,4,383.0,4,4,0.0,4,4.75
a08692680c77d30a0b4280da5df01c5a,17,2433.0,6,6,0.0,6,5.0
a09a13f18ed27932d08438aa6f12756e,1,29.9,1,1,0.0,1,3.0
a0a14e50070f3225b3eabba5b85da517,4,176.2,4,4,0.0,4,4.5
a0d7fbb07bb5ebc3b05980e750db56f3,4,848.99,3,3,0.0,3,2.3333333333333335
a1040efe9ff4a6f93c28b0499eada8f5,1,1658.83,1,1,0.0,1,5.0
a1043bafd471dff536d0c462352beb48,752,99309.23,702,702,0.04985754985754986,700,4.275714285714286
a11a0e0ca67423425691db355cff69b0,2,448.9,2,2,0.0,2,5.0
a13580f0e8f782b7a543885a0ef99f08,10,1304.9,10,10,0.2,10,4.4
a13aaf2d2886ab9fb30fb9a920160b8f,4,1011.52,4,4,0.25,4,4.5
a1474fd46fd3430168f7ec202da39408,14,2752.5,12,12,0.16666666666666666,12,4.333333333333333
a150c540f572d0fb53992264bc5c10b5,1,119.9,1,1,0.0,1,4.0
a1544b9ea0b2390e020537d4daa89049,8,841.2,8,8,0.0,8,3.875
a154d7316f158bb42e6fa18bbe3afd3a,2,139.8,2,2,0.5,2,3.0
a17f621c590ea0fab3d5d883e1630ec6,78,2677.92,63,63,0.06349206349206349,61,4.163934426229508
a1bea7061f61f6fdd9a85a6325ba1033,9,810.95,9,9,0.1111111111111111,9,4.444444444444445
a1bea9970d8f65b240555f99c2214f7f,1,75.0,1,1,0.0,1,3.0
a20d8058c866dbaeca014d2cd20ac62e,2,1194.0,2,2,0.0,2,5.0
a213f1bd6458f4a158f3746cb2514559,1,41.52,1,1,0.0,1,5.0
a218df5c097b0ca409cfaac1488cc7f6,4,130.69,4,4,0.0,4,2.75
a21c11ec5c3f03e7cc9f9203bff9e1c6,4,385.0,3,3,0.0,3,3.6666666666666665
a23266650e7c84bb93fbbba502137478,16,1512.4,11,11,0.0,11,3.8181818181818183
a254c682cc01e119f83530446f1df9a9,7,569.4,6,6,0.16666666666666666,6,4.0
a2a41aedb70551d4a85aa04dc2fced48,2,52.79,2,2,0.0,2,4.0
a2b5b6105ea5942300631d2e76f4ffe0,16,3286.6899999999996,16,16,0.0625,16,4.75
a2b911e9ad40dc7d61c142a4683e2d85,1,85.9,1,1,0.0,1,5.0
a2deecd5398f5df4987110c80a1972a3,13,623.81,13,13,0.0,13,4.230769230769231
a2e874074c877c5a05abae80ad6e488f,42,7355.0,40,40,0.05,40,4.25
a2fa0bdc798ee84cdb08281337cf4fb6,11,354.86,8,8,0.0,8,4.75
a3082f442524a1be452e3189e003b361,4,301.6,3,3,0.0,3,4.333333333333333
a35124e2d763d7ca3fbe3b97d143200f,7,411.5,4,4,0.0,4,4.75
a353b1083c9863d756d9404695016d64,1,120.0,1,1,0.0,1,5.0
a35ef466c6fd6d052f5d241240d3c5e2,3,569.9,3,3,0.0,3,4.666666666666667
a369d693961cb93b61ca2cc518872a85,18,2597.0,11,11,0.0,11,3.909090909090909
a36ac007a4d18f865c8d32c3b2402c2d,8,1229.79,8,8,0.0,8,2.75
a36b125ac6d5fdbc7f50de85c9157bdc,24,1743.66,22,22,0.09090909090909091,22,3.9545454545454546
a37c340b91cb0169e8b029db6440fba2,5,345.0,5,5,0.0,5,4.8
a3a38f4affed601eb87a97788c949667,258,26004.73,249,249,0.04417670682730924,247,4.4089068825910935
a3b0df0065e264a91b7bbf5f844af5cd,2,186.69,2,2,0.0,2,5.0
a3b42d266fa8afc874b909422ce88582,6,839.4000000000001,1,1,0.0,1,5.0
a3dd39f583bc80bd8c5901c95878921e,37,4607.81,34,34,0.029411764705882353,34,4.588235294117647
a3e9a2c700480d9bb01fba070ba80a0e,143,13371.8,129,129,0.09302325581395349,127,4.0
a3f0b55de503387383c7b1de3ad7f678,26,4348.400000000001,24,24,0.041666666666666664,24,4.416666666666667
a3fa18b3f688ec0fca3eb8bfcbd2d5b3,2,47.8,1,1,0.0,1,5.0
a414555ce331b8c8aea4a9cb8395194d,8,1450.95,7,7,0.0,6,3.3333333333333335
a416b6a846a11724393025641d4edd5e,176,24930.24,157,157,0.10828025477707007,157,4.2165605095541405
a420f60ff1aa9acc80d0e42959f2b313,69,7443.3,67,67,0.07462686567164178,65,3.953846153846154
a425f92c199eb576938df686728acd20,18,1106.3,16,16,0.0,16,4.5
a435b009cd956ea60748b5cfbddf2e24,3,361.18,3,3,0.3333333333333333,3,4.333333333333333
a44fb5a447105f8469bdf16bf9159f25,19,3706.1,19,19,0.21052631578947367,19,4.052631578947368
a45314082d50d578a4721c9787ce09ab,2,424.9,2,2,0.0,2,5.0
a45765f8afb1e594b22bf9e974b46765,1,79.99,1,1,0.0,1,4.0
a478c7961d6a992065b24e63b366f90b,9,1281.5,8,8,0.0,8,4.875
a49928bcdf77c55c6d6e05e09a9b4ca5,104,8646.900000000001,96,96,0.21875,96,3.03125
a4b6b9b992b46e9ef863637af96e04bc,8,5293.0,6,6,0.16666666666666666,6,3.6666666666666665
a4b8d97cd5d3674eeff96abc99d8ed67,1,214.08,1,1,0.0,1,1.0
a4bd6e9adf39b63f43dc545d3ca1f53d,5,1848.59,4,4,0.0,4,4.5
a4fc6eadaff1576af888509a53420f6a,1,100.86,1,1,0.0,1,3.0
a513150f33f99a06569e9cd5c4bb889b,2,677.0,2,2,0.0,2,4.5
a5259c149128e82c9d6d46e0c1c812bb,8,1182.26,8,8,0.0,8,3.875
a53f60f05f822b5c621a50ff6a5cb362,6,415.40000000000003,4,4,0.0,3,3.6666666666666665
a56a8043ebf66e42119618fb8cf232c6,1,83.0,1,1,0.0,1,5.0
a56e351445e5863fc8960640ba9190c7,4,760.9200000000001,3,3,0.0,3,4.333333333333333
a5a1bfcf728ab0e19182959cf0771ee4,24,1812.96,21,21,0.047619047619047616,21,4.333333333333333
a5bff0f43eb51f0cad7c37fac7244c8a,5,445.0,4,4,0.0,4,4.75
a5cba26a62b8b4d0145b68b841e62e7f,54,14438.84,53,53,0.018867924528301886,53,4.566037735849057
a5dd1946fb63ada8bcaa0c9cd8f11e22,7,219.62,6,6,0.0,6,3.8333333333333335
a5ff20ff766e7f50bd5066f33da14413,4,66.59,2,2,0.0,2,3.0
a61cc04793308395a840807104365121,1,14.63,1,1,0.0,1,5.0
a63bfbaa882c8f4542891b4e2246cc7f,6,5682.0,6,6,0.0,6,5.0
a64e44665225d19dfc0277eeeaaccc57,6,335.0,6,6,0.0,6,5.0
a663d9c3797e90eac99ff60939416a56,1,235.0,1,1,0.0,1,5.0
a673821011d0cec28146ea42f5ab767f,141,13366.0,125,125,0.104,121,4.049586776859504
a67780aba9dd436e7ac0aa1f889e73ec,6,863.0,6,6,0.16666666666666666,6,3.6666666666666665
a69aa24cec11168e7e39a3fbc727e925,3,105.97,3,3,0.0,3,5.0
a6bd7d1ccdac48c6b33b28596b7eb122,15,13669.11,15,15,0.06666666666666667,14,3.5
a6fe7de3d16f6149ffe280349a8535a0,51,2844.9,50,50,0.12,49,4.040816326530612
a70e9066dbfd10b6b97a3f54a1356762,4,1716.0,2,2,0.0,2,5.0
a72c2f59332659e361d647515c698798,6,802.9,5,5,0.0,5,4.8
a72f15980dc3e9bfd1a49ac9b2f3af65,1,89.9,1,1,0.0,1,4.0
a7a9b880c49781da66651ccf4ba9ac38,4,307.6,3,3,0.0,3,3.6666666666666665
a7b7354cc588f7566a848bcbb1ce3d96,2,79.8,2,2,0.0,2,4.0
a7c53f6b3b61adbdaa99dda97e8cbd56,1,99.0,1,1,0.0,1,4.0
a7c88262832dfc683781d6a421edefae,5,1520.0,5,5,0.0,5,4.2
a7d0f8dd44f57ef6de7f7f02e3d82630,2,73.78999999999999,2,2,0.0,2,4.5
a7dc4098e4da6e41b426269d12ae7e91,3,518.0,2,2,0.0,2,3.0
a7ecf689b40a44361e259b28939023e4,1,389.0,1,1,0.0,1,5.0
a7f13822ceb966b076af67121f87b063,79,11406.800000000001,68,68,0.04411764705882353,68,3.5294117647058822
a806a4bb063ea7ca6d374eafa50a6058,6,294.4,5,5,0.0,5,4.0
a81466620e46a6970b22ef40379fdfc9,2,321.8,2,2,0.0,2,5.0
a8739afb32aaa45e01815ca76f76f54b,15,298.83,13,13,0.0,13,3.769230769230769
a888faf2d1baececa6baf9c3d603ee1f,54,17564.8,53,53,0.09433962264150944,53,4.09433962264151
a89e143d5211473ae18db9577ee34b64,1,70.0,1,1,0.0,1,5.0
a90a5da8b09e44264a177c0374a5ac87,3,74.69999999999999,3,3,0.0,3,4.333333333333333
a938325a4b357fd23a6a4d5bb126408e,25,3231.0,24,24,0.041666666666666664,24,3.8333333333333335
a9415cf907dfa12f9ed18693244f5329,2,210.0,1,1,0.0,1,5.0
a99504ac23ed125aaf5302af6cc30af9,1,978.0,1,1,0.0,1,5.0
a9ae440659f48b7849df83e82734150b,1,285.0,1,1,0.0,1,5.0
a9b533a26e898b12e8b8d4c07279bf4d,4,119.6,4,4,0.0,4,5.0
aa17b35ce4de7b565be3249ba838944f,2,79.8,2,2,0.0,2,4.5
aa1eb17b9fdf6dfd546e25c45c7b9235,4,117.99,3,3,0.0,3,4.666666666666667
aa2640d851ec322526f1295bbeb20092,2,159.98,1,1,0.0,1,3.0
aa762680c40618316a896838866140ea,3,261.0,3,3,0.3333333333333333,3,3.3333333333333335
aa8af66c623d7d544dfe4bb85b5ebe3b,1,99.0,1,1,0.0,1,5.0
aac29b1b99776be73c3049939652091d,131,6563.66,94,94,0.09574468085106383,93,4.161290322580645
aac51c486b672a9850d59f3e84b1cf88,13,728.28,10,10,0.0,10,4.8
aadfe0417e61315688b6bd7043361e25,1,289.9,1,1,0.0,1,4.0
aae3bfea055532c57fb453ed3ec80b30,50,3057.92,48,48,0.0,47,3.595744680851064
aae5953b9edddf14749c0d65d60eb4b9,2,173.0,2,2,0.0,2,5.0
aae5e7b457a3c72ee230a47d98fceda5,7,604.8,5,5,0.0,5,4.2
aaed1309374718fdd995ee4c58c9dfcd,110,9282.550000000001,103,103,0.02912621359223301,103,4.048543689320389
aafe36600ce604f205b86b5084d3d767,131,9251.4,129,129,0.03875968992248062,129,4.403100775193798
ab27bbbad5239bc31a34709275a70db4,11,382.9,3,3,0.0,3,5.0
ab3e0c171fe84a7ba7de130f19cfb485,7,623.45,6,6,0.3333333333333333,6,4.0
ab75b89cc49c9ab3160d0c91565a442a,1,18.99,1,1,0.0,1,1.0
ab91571efab27993ff2f6b36e38055c3,4,102.24,3,3,0.3333333333333333,3,4.666666666666667
ab9db4cf53b08b828b64dccaafc2d9f0,4,177.78,4,4,0.0,4,5.0
aba1721a889e04decc910aa13b768ef4,92,14103.3,83,83,0.07228915662650602,83,4.445783132530121
abbf6046bbdf1028606a5bc7f00c99e7,6,1867.25,6,6,0.0,6,4.666666666666667
abc015ebac1d283a323ca9db35ede4b9,13,1106.8,12,12,0.0,12,4.416666666666667
abcd2cb37d46c2c8fb1bf071c859fc5b,51,4817.32,44,44,0.045454545454545456,44,4.318181818181818
abe021b01ba992245271b9aa422032df,2,6720.0,2,2,0.0,2,3.5
abe42c5d03695b4257b5c6cbf4e6784e,49,17000.0,49,49,0.16326530612244897,48,3.9583333333333335
ac3508719a1d8f5b7614b798f70af136,101,12446.140000000001,101,101,0.019801980198019802,100,4.64
ac51cac5e20d69ff485a54746488ef48,3,700.0,3,3,0.0,3,3.6666666666666665
ac6417315ae5da8f9a38ee11de6f7780,7,716.4,7,7,0.14285714285714285,7,4.142857142857143
ac9b01377919cdbd2a1bbb8d5837c70b,1,55.9,1,1,0.0,1,3.0
acadd4d36859671cb635527c6c977533,12,2381.0,12,12,0.08333333333333333,12,4.25
acb6c2ca5c82411c1fdb88d5fd5eb95e,11,413.88,10,10,0.0,10,3.9
acce39e832338debb07b02385cde5967,44,4748.1,44,44,0.0,44,4.4772727272727275
aced59e9b31ef866a94f9e7f29d8d418,67,7268.5,61,61,0.03278688524590164,61,4.426229508196721
acf974e4d5950ad143a247471b831eb9,12,423.8,5,5,0.0,4,4.75
ad14615bdd492b01b0d97922e87cb87f,1,8.25,1,1,0.0,1,5.0
ad273c9eb54ecb4532de4bf75bae9e4e,11,645.0,10,10,0.0,10,4.1
ad420dd0c4f92f8af951ac24b86d0cf5,46,4705.29,42,42,0.07142857142857142,40,4.125
ad75519a07f039025e83795a4418470f,9,302.1,3,3,0.0,3,3.6666666666666665
ad781527c93d00d89a11eecd9dcad7c1,38,6039.63,38,38,0.3157894736842105,38,3.3421052631578947
ad87df7699e83b8a91822a4a0b765c3a,6,309.9,5,5,0.0,5,4.0
ad8b531ae67582f096925cff5630d0d1,2,198.45000000000002,2,2,0.0,2,4.0
ad97a199236354e53fcd91a5a913e9a2,17,12446.85,16,16,0.125,16,4.5
adbc26658d6c7b4b6219f9d934598091,92,11806.4,88,88,0.13636363636363635,88,4.125
adbe70ab2c97442046d393988c8d1d27,5,289.5,5,5,0.0,4,5.0
adcf50477d6a1f5d91bb9d54c4903cb5,31,981.86,16,16,0.1875,16,3.5625
ade45994b717ccee333492330fbf037b,10,7196.0,10,10,0.0,10,4.5
aded58c8142dedc5494a81f948431fab,5,289.5,4,4,0.0,4,3.75
ae45ad30c2d2e5913094769690a239d2,2,251.8,1,1,0.0,1,5.0
ae45df84722b1d15c5f32b23a095746c,12,901.83,9,9,0.0,9,4.777777777777778
ae7ab174effdead6c241e547e4ca13f0,7,2778.6,6,6,0.0,6,4.333333333333333
ae8bfdbf1c2a2a2dee92d799db0a31c6,8,339.92,8,8,0.0,8,4.125
aeb36d67f1414f234d42a29e27cf1f17,4,3263.8,4,4,0.25,4,4.5
aec99834ab5d38ead22766ada8497e87,1,459.0,1,1,0.0,1,5.0
af3ef48d0e13835e529c29ac573c63e5,21,1405.63,21,21,0.047619047619047616,21,3.761904761904762
af4a0e4cfe1d9c26b6712b1be25a72e5,26,8757.98,21,21,0.047619047619047616,21,3.4285714285714284
af7cdac9d9897cddead9c6b08976c642,6,543.54,6,6,0.16666666666666666,6,3.6666666666666665
afa6714acee029b2dfdf357e5579cc03,16,3100.86,15,15,0.13333333333333333,15,4.2
afe0067131b73e40875c9b6c10bd2e21,45,5040.5,45,45,0.044444444444444446,44,4.2727272727272725
b00af24704019bd2e1b335e70ad11f7c,1,189.0,1,1,0.0,1,5.0
b01c2b7b8599b325103ebcddc67413e1,4,169.45,4,4,0.0,4,4.75
b026643914f651e8371425e5b8a1e780,1,27.9,1,1,0.0,1,5.0
b0398568231ba5e6734af1881671a317,4,656.77,4,4,0.0,4,4.0
b05b432bf68945d4d9783f9e3ca29ee8,2,224.8,2,2,0.0,2,4.5
b080809eaacb49e5ca07290981472431,11,424.0,11,11,0.0,11,4.818181818181818
b0b346d3a89f5eb4c2968af3f083cd43,9,469.0,9,9,0.3333333333333333,9,3.7777777777777777
b0f2a6122a90a93eb03e68653dd960e3,7,1620.3,6,6,0.0,6,4.833333333333333
b1204cfda1d4948679db3cfc0d3cb95c,6,411.20000000000005,6,6,0.0,6,4.333333333333333
b127efdabeffb5d559349c7b172eb75d,10,308.5,10,10,0.1,10,4.8
b12cfd255810394b60caef18ae163547,2,560.0,2,2,0.0,2,4.5
b14db04aa7881970e83ffa9426897925,101,5399.9,75,75,0.10666666666666667,72,3.8333333333333335
b16d3dadc47d4eb18be3d88bad0775ce,11,722.1,10,10,0.0,10,4.3
b17b679f4f5ce2e03ce6968c62648246,45,3124.4700000000003,44,44,0.18181818181818182,44,3.8636363636363638
b18871c324516afa228a13e8f1ef0ae9,23,1064.6,9,9,0.1111111111111111,9,3.4444444444444446
b18dc380845b24038cfc48006478f099,48,7753.96,43,43,0.11627906976744186,42,4.214285714285714
b19c48688808720822399ffa9f2dbe2f,1,959.99,1,1,0.0,1,5.0
b19f3ca2ea475913750f25a5c37c8d8f,19,4174.16,19,19,0.3157894736842105,19,3.263157894736842
b1a81260566c1bac3114a6d124413f27,54,8684.69,51,51,0.0,51,4.2745098039215685
b1aaae6b66ad3c40f54b389d7ea4bee0,17,1176.5,15,15,0.0,15,4.4
b1ac6ea7895bc3dd6f0f6f4abbdd2821,38,2962.0,38,38,0.0,38,4.526315789473684
b1b3948701c5c72445495bd161b83a4c,14,21519.5,14,14,0.6428571428571429,14,1.9285714285714286
b1fc4f64df5a0e8b6913ab38803c57a9,121,7994.74,107,107,0.12149532710280374,105,3.857142857142857
b1fecf4da1fa2689bccffa0121953643,18,3357.84,17,17,0.0,17,4.9411764705882355
b2479f944e1b90cf8a5de1bbfde284d6,129,4666.53,101,101,0.1188118811881188,100,3.47
b248792ac0b60ec3f93d80af1b4fae47,9,454.5,7,7,0.14285714285714285,7,3.857142857142857
b26741d31a563d769b4af0465ab20c56,2,648.0,2,2,0.0,2,4.0
b274baf5bbd142410eb2958cf685d684,7,585.9,7,7,0.0,7,4.285714285714286
b29d3380981c51df13fc6fbe87e1763d,7,435.3,6,6,0.0,6,3.8333333333333335
b2a6d334e2833acea353624840e25a0e,26,1650.98,25,25,0.0,25,4.48
b2ac621f0d0322434d04a12b078b9369,30,9575.5,30,30,0.1,30,4.4
b2ba3715d723d245138f291a6fe42594,348,49172.38,323,323,0.06811145510835913,320,4.2125
b2c97074649f92197d9387d9033dda5f,11,684.71,10,10,0.1,10,4.7
b2eecf5ea250510da76590ca79d60e5d,11,1060.0,9,9,0.0,9,5.0
b2f4d63c7203f539a78252565ca32257,1,14.9,1,1,0.0,1,5.0
b32be1695eb7ec5f10f72d9610a12527,45,26575.0,44,44,0.045454545454545456,43,4.1395348837209305
b335c59ab742f751a85db9c411a86739,29,2360.31,28,28,0.03571428571428571,28,3.9642857142857144
b33aaadd1a8891d2dfef0c4c3bdf0371,17,1504.0,16,16,0.125,16,3.9375
b33e7c55446eabf8fe1a42d037ac7d6d,152,44215.17,149,149,0.11409395973154363,149,4.201342281879195
b347677812ea483b0f528eaf8cbc09b7,21,7288.99,21,21,0.0,21,4.523809523809524
b372ee768ed69e46ca8cdbd267aa7a38,69,12630.0,63,63,0.0,63,4.428571428571429
b37c4c02bda3161a7546a4e6d222d5b2,15,24075.0,4,4,0.0,4,2.25
b3809b8d4394588a47c8470ea331e135,1,89.0,1,1,0.0,1,4.0
b39d7fe263ef469605dbb32608aee0af,48,5063.2,43,43,0.046511627906976744,42,3.9285714285714284
b3b17aab11f273023a5f22ca52e1eb70,13,6850.0,7,7,0.14285714285714285,7,4.857142857142857
b3e2faf2c1004d674f16a3aa3197f0e1,3,61.47,3,3,0.0,3,5.0
b3f19518fcec265b2e97af287725f981,8,444.92,8,8,0.0,8,4.375
b410bdd36d5db7a65dcd42b7ead933b8,42,7368.9,42,42,0.0,42,4.809523809523809
b416191c9813d821a295cfabafff4161,2,117.8,2,2,0.0,2,2.5
b43d8b707f887a30f4675391098354a0,4,1342.0,3,3,0.3333333333333333,3,3.0
b44dbfbf62e52125f3c15d230569ea91,8,609.37,4,4,0.0,4,4.75
b452cb0ae35044c4a53179c39f49fb06,2,63.699999999999996,2,2,0.0,2,4.0
b45d7ebfb7378630f1bcd74b6ff86ff7,3,899.6999999999999,3,3,0.0,3,4.333333333333333
b494891378bd8f4560abe576c52deacd,21,2839.0,19,19,0.0,19,4.7368421052631575
b499c00f28f4b7069ff6550af8c1348a,181,10132.19,146,146,0.13013698630136986,146,4.219178082191781
b4a476fbd28de64b1e347abf9089366a,35,4479.04,30,30,0.06666666666666667,29,4.137931034482759
b4b447d715f9ab302a188fb43d3e96b3,5,685.9300000000001,5,5,0.0,5,4.8
b4f8921fcc4ff77b66bea6dda43dcd51,20,11395.05,18,18,0.05555555555555555,18,4.555555555555555
b4ffb71f0cb1b1c3d63fad021ecf93e1,164,6635.69,143,143,0.02097902097902098,143,4.244755244755245
b55638ad525e906c698fa2ce742c1742,12,1094.8,11,11,0.18181818181818182,11,4.181818181818182
b561927807645834b59ef0d16ba55a24,95,4501.99,85,85,0.1411764705882353,85,4.341176470588235
b566ab0ef88016e00422755e305103c6,5,1208.0,5,5,0.2,5,3.2
b56828a9f9027f3c918c04ca720d9e3c,3,360.0,3,3,0.3333333333333333,3,2.6666666666666665
b56906f7fd1696e043f1bcce164c487b,39,1972.69,38,38,0.05263157894736842,38,4.052631578947368
b586cd24c010a13916af621b0325fbba,7,1108.94,6,6,0.0,6,3.8333333333333335
b5abf4f36adc043117b4fca82c22984c,9,803.0999999999999,8,8,0.25,8,3.125
b5b800c4065bebf4d3442311c9857344,1,79.9,1,1,0.0,1,5.0
b5bb2b985208834bd5bd86c7a402bbad,2,621.06,2,2,0.0,2,5.0
b5d034ac251546e25afe9067f05c1539,1,69.9,1,1,0.0,1,5.0
b5dd7151a92ccaaa282cbe9681a05f44,1,85.0,1,1,0.0,1,5.0
b5e3e38609125694d2ea2417522a60b7,17,995.04,16,16,0.125,16,4.3125
b5f0712d22a873b6797ab6cc65c3fcba,1,12.99,1,1,0.0,1,4.0
b5f49fe968dff6b112861e6cd8e192ef,2,194.70000000000002,1,1,0.0,1,5.0
b64d51f0435e884e8de603b1655155ae,23,416.18,17,17,0.11764705882352941,17,4.294117647058823
b67d6c666e8dce1d078c882825e12704,8,352.84,7,7,0.0,7,4.857142857142857
b6d44737c043328708f6749c2dbe50bd,79,5284.6,61,61,0.06557377049180328,61,4.524590163934426
b6dc74ed30f124f95227bed4e43a3bed,10,387.56,9,9,0.1111111111111111,9,4.666666666666667
b6e1504972665f739dec4facb9943775,14,1484.48,14,14,0.07142857142857142,14,4.357142857142857
b6f52e346160519c24a23af05410ad32,1,129.9,1,1,0.0,1,4.0
b74d1c09cb380e1d03a6f859c6f4224b,38,2174.61,30,30,0.13333333333333333,30,4.3
b76a1f8356322f12529c37b67d5c96c2,5,298.5,5,5,0.0,5,4.8
b76dba6c951ab00dc4edf0a1aa88037e,167,2545.31,157,157,0.03184713375796178,155,4.219354838709678
b76f4d90e85657a240495c876313adc5,1,299.0,1,1,0.0,1,5.0
b77a27b1864483e721dc831d5ba4afa0,1,20.9,1,1,0.0,1,5.0
b7cc6c5e001441ae8cdd5c69a480cbe4,5,452.8,5,5,0.0,5,4.6
b7d5b4b87af9d42b601865d3f3810bff,1,350.0,1,1,0.0,1,3.0
b7e1750c1157341d2abd0251e07c186b,4,159.6,3,3,0.0,3,4.333333333333333
b7ed9fb14c8eadb37adb9c45d67ab0fb,11,566.0,7,7,0.0,7,3.2857142857142856
b8114f2f589a6804810f04f99b36b498,11,1399.62,8,8,0.0,8,4.75
b81e3a6c866a764974fe849821abeebd,11,836.1500000000001,8,8,0.0,8,4.625
b839e41795b7f3ad94cc2014a52f6796,36,42829.0,33,33,0.030303030303030304,33,4.090909090909091
b83cedfb587e7911540e3f576d6917ce,25,2224.95,24,24,0.041666666666666664,24,4.208333333333333
b8555308bfdb4ca1ed54325a58da9a97,28,3047.2000000000003,26,26,0.07692307692307693,26,4.0
b8578d2d823bd8e251f6fdd02b40902d,9,1255.6,9,9,0.0,9,4.444444444444445
b8630e1121437d41cb08e3c749c2c2e2,12,6988.0,12,12,0.08333333333333333,12,4.333333333333333
b86a47b3366e3b5424a7b225781f4908,1,86.5,1,1,0.0,1,3.0
b87a7ea0c30fad2dd6781b74a0064859,9,515.4,9,9,0.2222222222222222,9,3.4444444444444446
b88e7c57cb2d8b973b7dd4a2bfa14b36,4,353.9,4,4,0.0,4,4.25
b8a0adc91af209270c2c725168eb00fd,6,281.4,6,6,0.0,6,4.0
b8bc237ba3788b23da09c0f1f3a3288c,47,13685.710000000001,45,45,0.022222222222222223,44,4.318181818181818
b8d890108a7a80e4f5d59eea9f362438,3,89.69999999999999,2,2,0.0,2,3.5
b906dd0e57f282c7089171b6ed07982e,2,175.0,2,2,0.0,2,4.0
b90e891671cffd9557f33a97dc523645,39,4449.0,34,34,0.0,34,4.323529411764706
b92e3c8f9738272ff7c59e111e108d7c,70,8231.09,62,62,0.03225806451612903,62,4.161290322580645
b94cc9f10ddc85e4ba73a6f7974e7101,39,25346.1,39,39,0.05128205128205128,37,4.297297297297297
b98b715fe9e276204e2a3464f48cd796,4,388.6,4,4,0.0,4,4.0
b9a03475e6447e631b6799ec8274800f,11,1349.1,10,10,0.0,10,4.2
b9c0ffa92f3ff9a5a3d45ef7213c0842,3,490.0,3,3,0.0,3,5.0
b9ca8e8baa5d4aa038394a700f63e69f,14,1289.77,14,14,0.07142857142857142,14,4.214285714285714
b9de031b671cd48b28fae9d828cbf2b4,1,155.32,1,1,0.0,1,5.0
b9ec22de23f18567de0e09d776ca0309,2,341.98,2,2,0.0,2,5.0
ba143b05f0110f0dc71ad71b4466ce92,84,5998.7,83,83,0.12048192771084337,83,4.457831325301205
ba5daa4041e1f15cdf34b76e3e18a450,15,806.8000000000001,15,15,0.0,15,4.266666666666667
ba6b4a237f92479743cf0ca06b67a9ac,8,801.89,8,8,0.125,8,4.25
ba6b68b55fe8704377a7d43c8e5c0185,5,739.77,5,5,0.0,5,4.2
ba6ce6de456f6c11d08c17701ba5c26f,7,744.35,6,6,0.0,6,4.166666666666667
ba89796db68db180bd389de96b2ff3b6,2,309.8,2,2,0.0,2,5.0
ba8e85df286308fe68a2ce83a8f8b2d6,1,80.9,1,1,0.0,1,5.0
ba90964cff9b9e0e6f32b23b82465f7b,38,44212.5,38,38,0.05263157894736842,38,4.421052631578948
baa49d93c8c8841e27400a300f5d74b2,6,246.39999999999998,6,6,0.0,6,4.5
bab0a8cd684e41ba6e2637dca0979d3b,1,269.9,1,1,0.0,1,5.0
babcc0ab201e4c60188427cae51a5b8b,1,79.0,1,1,0.0,1,5.0
bac692d6c0ed08467878018e6cc9c26c,3,477.0,1,1,0.0,1,4.0
bacb1f0ed56ad24198f5810d2b3fe9a5,38,6078.05,38,38,0.02631578947368421,37,4.324324324324325
baeda7047354773262ba2405f97038ba,1,35.0,1,1,0.0,1,5.0
baf15155e37ef5492731459bdc05be8a,1,47.0,1,1,0.0,1,5.0
bafc5aa11e413978be29040f51342e70,9,1679.55,9,9,0.1111111111111111,9,3.7777777777777777
bb135baca94c82fcb731335ad5b04a03,38,1049.8,18,18,0.0,18,3.0555555555555554
bb2afe2061d53c6968aa0cffa233a8ec,6,549.4,5,5,0.0,5,4.8
bb3dca718920a4d7ec3cc9ffb025108b,3,108.0,2,2,0.0,2,3.0
bb5bd94c8f59cc050072d2930c869cac,17,2543.87,16,16,0.0,16,4.1875
bb5d956dece964a06c12bceb66b923ae,2,1278.36,2,2,0.0,2,5.0
bb7a14e229b1c95156719c3d9552eeee,10,2760.2,10,10,0.1,10,4.5
bb7ad8a45c027be8ab075b8e465f8ca0,2,19.98,2,2,0.0,2,5.0
bba3293d6f5d5af2f415e004e8b93ae3,17,11702.1,17,17,0.058823529411764705,17,4.294117647058823
bba74270a87732727b5a3b4fd9ac1c39,40,5964.6,35,35,0.0,35,4.057142857142857
bba8d0c234a52b87b3957037a215d1a4,1,120.0,1,1,0.0,1,5.0
bbad7e518d7af88a0897397ffdca1979,84,4426.32,68,68,0.16176470588235295,67,3.1791044776119404
bbaff50f3b708fda865918715276cd87,16,449.7,12,12,0.16666666666666666,12,4.75
bbd3acfe6de99892e73940d3fdceaf68,2,69.0,2,2,0.0,2,3.0
bbe87dce25ba8b38bb61cc7210a3f10b,2,287.0,2,2,0.0,2,5.0
bbf4a892cac7b82422baa711dffb8997,1,70.0,1,1,0.0,1,5.0
bbf9ad41dca6603e614efcdad7aab8c4,14,7846.0,14,14,0.0,14,4.5
bc07d855eac23aab5ac8a120f21d16b2,12,1202.62,11,11,0.18181818181818182,11,4.454545454545454
bc2ac6b95e1accce9858528ee566c17e,22,2045.0,18,18,0.0,18,4.555555555555555
bc302730ea8cf49b5c74f579febb5bbf,11,2640.9,11,11,0.09090909090909091,11,3.8181818181818183
bc30de0d71bd6260b936a026b5cf7200,3,392.37,3,3,0.0,3,4.666666666666667
bc39d8938f90a3a2b98193723ed59774,2,306.8,2,2,0.0,1,4.0
bc47d5d1490df2b36add65d733eafaba,22,929.8,21,21,0.09523809523809523,21,3.5238095238095237
bc503e244f187939d10c92a5c8e378ce,13,430.31,6,6,0.0,6,3.5
bc8c8d665ec4664d286be0d521722b19,1,22.5,1,1,1.0,1,2.0
bca9230d3bbb4efa51872bf605a2f1ad,5,117.57,5,5,0.2,5,4.0
bcc9dd23e2a8bd8267cf92b19304a1b9,3,202.79000000000002,3,3,0.6666666666666666,3,2.3333333333333335
bccf933e006e9b94a6184af782963e77,46,4162.74,45,45,0.022222222222222223,44,4.5227272727272725
bcd2d7510d58e293f20fad6438c1b314,1,23.9,1,1,1.0,0,
bce6a5ecf98e99fd2a8868b15c51f04b,15,3464.9,14,14,0.14285714285714285,14,4.071428571428571
bd0389da23d89b726abf911cccc54596,90,7472.16,87,87,0.06896551724137931,87,4.172413793103448
bd0a1b0aadca9a83d9304f7e8ff5fbd5,4,150.6,4,4,0.0,4,4.5
bd149ed516d4c5d418d5781f8e18919f,9,414.0,8,8,0.0,8,4.875
bd15ee794d5e640d9dd71b665b2ab15b,12,374.79999999999995,12,12,0.16666666666666666,12,4.0
bd1d49a326abfa9b1036772e40445430,13,637.7,12,12,0.08333333333333333,12,4.083333333333333
bd23da7354813347129d751591d1a6e2,87,9704.6,86,86,0.023255813953488372,85,4.117647058823529
bd43e172d599bed47a85da877172ca8c,1,23.92,1,1,0.0,1,5.0
bd4431c1a8dfa744b59e1e2a8bc99b9e,7,809.5,7,7,0.0,7,4.571428571428571
bd4889b5e9133b35b66e42a8665cea5c,42,6271.9,36,36,0.0,35,4.4
bd4ff04377f974574f7f0bf9d6ce7dde,1,34.99,1,1,1.0,1,1.0
bd65d163ded559eb90a10cd09fec178f,2,19.8,1,1,0.0,1,4.0
bd697db56ff8e7c9cd1abeb7f72029b2,21,2869.79,21,21,0.0,21,4.333333333333333
bdae679a9b282249bc23b9b69dae9a99,12,663.15,6,6,0.0,6,3.5
bdb3edbaee43a761e2d4f258dc08f348,5,259.5,5,5,0.2,5,3.8
bdf0d02d36a1d839d0c39c4a887cdd49,7,120.0,5,5,0.0,5,5.0
be1e9e378700cecaa4ebf71433d7915c,2,119.89000000000001,2,2,1.0,2,3.0
be3b4b0f050a6aa1b2d901c4b77e979f,8,578.1999999999999,3,3,0.0,3,4.0
be67f78487e2cecb0d55bc769709e4f5,1,102.0,1,1,0.0,1,5.0
be7a093e5b4d147b36b72bb1f9e415e5,1,60.9,1,1,0.0,1,5.0
be8e909810184b9b19e886129149d8e5,15,629.85,15,15,0.13333333333333333,15,3.7333333333333334
be9a160a9011f627c3e121d076c1ec7b,5,2055.0,5,5,0.0,5,4.6
beadbee30901a7f61d031b6b686095ad,68,4373.98,64,64,0.234375,64,3.90625
bec568278124768c474ee90971ca94d1,2,219.9,2,2,0.0,2,4.5
bede56095ba33c42038fb85f707b8a42,2,3973.9,2,2,0.0,2,4.5
bee36b4f9a2b9fdcaff6ec05df202ed0,1,16.9,1,1,0.0,1,5.0
bf00385a5f7fc1ef39a13c2e9ee50a5f,28,855.4,28,28,0.0,28,4.428571428571429
bf0045791395e66460eb04749c68672a,2,119.8,2,2,0.0,2,4.0
bf100ecb7997df312b285358fb32f92c,21,1991.9,20,20,0.0,18,4.444444444444445
bf3c6d2a28b2b5501e6c15448982dcc9,43,3956.5,35,35,0.02857142857142857,35,4.6
bf84056e679dbe9c69929847a40e338f,38,1918.08,35,35,0.05714285714285714,35,3.7714285714285714
bf961104a38e01b9062ee026bb657dee,4,585.56,4,4,0.0,4,4.5
bfd27a966d91cfaafdb25d076585f0da,115,19225.0,114,114,0.05263157894736842,113,4.31858407079646
bfd938b22bc99bce1ae60dc602889f52,6,623.4,4,4,0.0,4,5.0
bff9deb0ec77d437f3305a79cf25529e,5,161.95,5,5,0.0,5,4.0
c003204e1ab016dfa150abc119207b24,200,24904.29,195,195,0.05128205128205128,195,4.466666666666667
c00396cbdd2e088fe4281baa5920aef1,3,832.4100000000001,1,1,0.0,1,5.0
c004e5ea15737026cecaee0447e00b75,1,2350.0,1,1,1.0,1,1.0
c0098efcf800861dcae589affca31408,9,1189.28,9,9,0.0,9,4.777777777777778
c013e57c075a06e5b5c48ee03c525719,45,1971.55,42,42,0.047619047619047616,42,4.238095238095238
c026ef0d72e9132d9fa112308090c8dc,1,520.0,1,1,0.0,1,4.0
c03121937e54a93fcc1825c3098bbb6e,7,1043.0,7,7,0.0,7,5.0
c04d70d515d15a7e3db3a73320598566,4,158.2,3,3,0.0,3,5.0
c0563dd588b775f2e37747ef6ad6c92c,28,3697.2000000000003,28,28,0.10714285714285714,28,4.357142857142857
c092292535a57dacd95a8765f5518f87,1,125.0,1,1,0.0,1,5.0
c0aff2da32c17759d30b22fb0af6649d,5,188.8,4,4,0.0,4,3.75
c0e0b73d039eb9a99b6ce4cb7a429cd3,1,29.88,1,1,0.0,1,5.0
c0e6839516f5398edc34adf5f1d53d1a,1,34.92,1,1,0.0,1,5.0
c0f3eea2e14555b6faeea3dd58c1b1c3,1,79.99,1,1,0.0,1,5.0
c0f783394e37cd9c9d7f5f81141450fa,6,249.39999999999998,6,6,0.0,5,3.6
c113b8df1fc375bc3d73d29c1b1144d1,5,333.0,3,3,0.0,3,4.333333333333333
c12b92bf1c350f3e6bf88d3596219c86,17,4808.78,17,17,0.058823529411764705,17,3.8823529411764706
c13ef0cfbe42f190780f621ce81f2234,1,390.0,1,1,1.0,1,3.0
c13fb473e7cb8b83ccd543c094df0608,2,54.8,2,2,0.0,2,3.5
c1552b1dab6e6f760950368ae61fb600,2,53.8,2,2,0.0,2,2.5
c157bdeedcbc9a8e3c8bf0d87ff24428,10,514.27,7,7,0.0,7,4.428571428571429
c161d1327ebc3a156c09582ab2f59f6c,2,35.99,2,2,0.0,2,4.0
c18309219e789960add0b2255ca4b091,1,9.9,1,1,0.0,1,5.0
c1849d4d32d7a6cecd5aa471809d3135,3,388.98,3,3,0.0,3,4.333333333333333
c1d1ebb4745cc43cb6f05e9c8a705c9a,1,12.5,1,1,1.0,1,1.0
c1dde11f12d05c478f5de2d7319ad3b2,1,12.5,1,1,0.0,1,1.0
c1ed9e3daf6154542826a6996af0fb8c,16,757.5,8,8,0.125,8,4.25
c1f12f926d0ba950578b4fa41115cbb6,4,479.6,2,2,0.5,2,4.0
c240c4061717ac1806ae6ee72be3533b,1,59.9,1,1,0.0,1,4.0
c24173065483e421f9e5e7f599de101d,9,373.91,9,9,0.1111111111111111,9,3.5555555555555554
c26a2be5b53b7db6b276280da212a779,18,7482.0,13,13,0.0,13,3.3846153846153846
c26ba52cf8d2f34915f2f6b7ffa0a3f3,3,107.47,3,3,0.0,3,5.0
c273175f7c6c80fb02f051e2fc6d0d72,14,1188.23,14,14,0.07142857142857142,14,3.7857142857142856
c286ec035ee04ba81c97508f0b5df544,1,294.0,1,1,0.0,1,4.0
c2bda99904207edd1834f03e0022b007,1,39.9,1,1,0.0,1,4.0
c2d70ce2c5d0a2eb75e78668236e6dc8,15,2470.9,13,13,0.0,13,4.615384615384615
c31eff8334d6b3047ed34bebd4d62c36,121,12991.61,120,120,0.11666666666666667,119,3.8739495798319328
c3251e13f1bbda6c74e37c160f991e19,2,437.79999999999995,2,2,0.0,2,5.0
c32fc744b9160ac853450488e3cfea93,2,65.8,2,2,0.0,2,3.0
c33847515fa6305ce6feb1e818569f13,128,15519.85,114,114,0.03508771929824561,114,3.8508771929824563
c33a5c3c983090c8b78a28e65052a20d,8,559.2,8,8,0.0,8,4.125
c353f8fc0ce8344999f17d578eb69a5e,2,175.98,2,2,0.0,2,5.0
c35672b10ad50968f567ea3f4b91e877,22,1150.57,18,18,0.05555555555555555,18,4.5
c35affa65afd250151285c5917fc1c8a,8,4779.92,8,8,0.125,8,4.25
c360e4787614ed31ac7a2f95d3b22dc6,1,188.9,1,1,0.0,1,2.0
c37b2059d4f90d4feead554e5246565e,16,839.3,12,12,0.25,12,3.3333333333333335
c3867b4666c7d76867627c2f7fb22e21,241,34666.9,228,228,0.10964912280701754,226,4.079646017699115
c394e193cda3b4225ff2094d32184849,11,3134.8900000000003,2,2,0.0,2,5.0
c398bc00a606d33758afd91f4e64fd15,2,150.0,2,2,0.0,2,4.5
c3aad7dc65449ae90a5e9c3c6c1e78e0,6,510.0,6,6,0.0,6,4.666666666666667
c3acdfac4e3e97ff87529454fbc03642,12,16788.0,12,12,0.08333333333333333,12,4.25
c3cfdc648177fdbbbb35635a37472c53,307,43048.18,278,278,0.014388489208633094,277,4.469314079422382
c3e1abd72a42fe690fcd89cf5720fe29,13,1798.61,13,13,0.0,13,4.461538461538462
c3e2398fcc7e581cda2e546557bf6968,1,14.9,1,1,0.0,1,5.0
c3ee2331a724e6fc02c4b698b57a73f3,3,1347.0,2,2,0.0,2,3.0
c3f5668699a1b04c0fa61ecea1e2bff6,3,407.81,3,3,0.0,3,5.0
c3fe93ba3085f92855c97e57f38c8c05,6,219.0,6,6,0.0,6,5.0
c42fd8e4d47dfb18ce5222f2dd7752f9,11,466.99,7,7,0.2857142857142857,5,3.8
c447f8dd3ed213f291d65ef074a268eb,8,655.0,7,7,0.0,7,3.7142857142857144
c458e2045a8aa8964f8879af03fdcce6,9,494.91,4,4,0.0,4,2.75
c4af86330efa7a2620772227d2d670c9,4,5396.0,4,4,0.0,3,4.333333333333333
c4d51195486dc781531876a7d00453d8,17,11468.98,17,17,0.29411764705882354,17,3.9411764705882355
c4f7fee5b0db50e87766f5a4d1b1b758,5,2762.0299999999997,5,5,0.0,5,4.0
c4fabeea6e569d42d02993bb1f4f1cbc,11,859.3000000000001,11,11,0.09090909090909091,11,4.0
c4fb51fb1c5b7c07bc5e67be6e7e8f6e,16,1567.9,15,15,0.13333333333333333,15,3.533333333333333
c500367424994318b9e779ff1ae9a330,9,4346.4,9,9,0.1111111111111111,9,3.7777777777777777
c510bc1718f0f2961eaa42a23330681a,12,10141.0,12,12,0.0,12,4.25
c522be04e020c1e7b79f3acff36513d5,6,649.94,6,6,0.3333333333333333,6,4.0
c52c644cc0dc85121207a27013efc6af,2,397.8,1,1,0.0,1,5.0
c53bcd3be457a342a97e39e5a9f0be22,5,509.5,5,5,0.0,5,3.2
c54679b132454625907c773d273d4126,8,1032.0,7,7,0.0,7,4.857142857142857
c5e60e39c0f42b8e827daa13cff74afa,8,134.0,6,6,0.0,6,4.5
c5ebe6598748b0aeaa61cfb820478b92,3,297.0,3,3,0.0,3,4.666666666666667
c5f7e746b7e6d07def6c0dae9903279b,11,1429.0,10,10,0.0,10,4.4
c5f7feb04a6a1fb3596322bfc3cf1917,11,1720.6,11,11,0.09090909090909091,11,4.2727272727272725
c60b801f2d52c7f7f91de00870882a75,39,11296.5,39,39,0.15384615384615385,39,3.4358974358974357
c611f4ce9ce875bcc063fa97fd4d7d12,1,319.0,1,1,1.0,1,4.0
c6218512d16fcac0af02fe92691cf274,8,674.0,8,8,0.0,8,4.0
c6381b1321d7d97717a5bb4ed5b77882,3,66.0,2,2,0.0,2,3.0
c6381d2d013342748761e906d45aff76,28,2042.98,15,15,0.0,15,3.8666666666666667
c64a2aec32cc408a8a4c6d7c46017f91,9,3221.5,9,9,0.0,9,3.888888888888889
c66dccfb3f109511246da627dd5a2498,44,12182.55,44,44,0.045454545454545456,44,4.568181818181818
c679fb69a36e1d8349e8c50a217b4d58,17,1825.68,14,14,0.07142857142857142,13,3.8461538461538463
c68fb906c8f4b4b946d8386bfa6e5467,48,4541.16,45,45,0.022222222222222223,44,4.5227272727272725
c6a7539d424a8402232c2228d7a03c5e,15,607.5,10,10,0.1,10,3.1
c6bda72e4dbf5c5866b13cb1810c6d03,59,14059.380000000001,59,59,0.03389830508474576,59,4.389830508474576
c70a353f02429c00775a46a75fb787da,6,242.0,6,6,0.0,6,4.666666666666667
c70c1b0d8ca86052f45a432a38b73958,336,36289.15,260,260,0.05384615384615385,258,4.368217054263566
c714262700f93defc16bf17a51a4cb23,4,421.8,4,4,0.0,4,3.75
c716e0b86ed568878475b60fbb6323ad,1,35.0,1,1,0.0,1,5.0
c7246702dc991a06d788120dc7544391,1,54.86,1,1,0.0,1,5.0
c72de06d72748d1a0dfb2125be43ba63,22,17522.0,21,21,0.0,21,4.476190476190476
c731d18cea9bf687ffee82a241c25b11,26,3662.0,24,24,0.0,23,4.217391304347826
c747d5b92c7648417faea95d36d763e8,1,139.0,1,1,0.0,1,5.0
c74f14c1e26cf1bd5bd34b6a1e274426,1,39.0,1,1,0.0,1,5.0
c76d418370990614e89e956c7a7567d9,2,305.24,2,2,0.0,2,3.5
c79151301b9d90985d1fa52879213105,7,267.09999999999997,3,3,0.0,3,4.666666666666667
c794dab4928dd97beb41d05514441e86,16,1312.3999999999999,16,16,0.125,16,4.375
c7a0a13cbcf29d5ce51c8f80afdc0b89,9,483.08,8,8,0.0,8,4.125
c7b7db6c8f3c64a7cc1afa634db21d50,1,1489.0,1,1,1.0,1,1.0
c7bb64409aa480bb7d0335faaaf3d242,4,97.6,4,4,0.0,4,2.25
c7c7b2682c648339a0e9846bb1023a39,3,168.0,2,2,0.0,2,4.5
c7fdb77fdbff3c41981bc52f787e959e,11,658.48,9,9,0.1111111111111111,9,3.5555555555555554
c8025364abeecb115431bf95c11a747f,2,928.0,2,2,0.0,2,4.5
c8143b3069f6746a77421b5ce30a450c,1,142.47,1,1,0.0,1,5.0
c826c40d7b19f62a09e2d7c5e7295ee2,365,44653.04,346,346,0.07514450867052024,345,4.130434782608695
c840d3fdbba0790404fdae73d253b253,14,4522.28,9,9,0.0,9,3.5555555555555554
c8417879a15366a17c30af34c798c332,35,1734.7,25,25,0.04,24,4.291666666666667
c84592044b180dec206770c38603814b,14,491.94000000000005,14,14,0.0,14,4.428571428571429
c8467937e403e76a8ee9f0ab13f6f5ef,33,1853.79,30,30,0.13333333333333333,28,4.071428571428571
c847e075301870dd144a116762eaff9a,42,15248.800000000001,41,41,0.07317073170731707,40,4.2
c864036feaab8c1659f65ea4faebe1da,58,10454.2,58,58,0.034482758620689655,58,4.568965517241379
c8660dcf9ba70575f45d80fe28c27713,7,335.0,4,4,0.25,4,4.5
c8665a4dd081a2c436b1cd921079d0d9,1,79.39,1,1,0.0,1,5.0
c8771b1a10bb99bb34d3c459c5cffb53,1,64.9,1,1,0.0,1,5.0
c878515173c84a492ebe50d6b493230b,10,1118.84,9,9,0.2222222222222222,9,4.111111111111111
c87abc38c8ed3240861729e1aeadf221,1,133.0,1,1,0.0,1,1.0
c89cf7c468a48af70aada384e722f9e2,14,745.0,14,14,0.07142857142857142,13,4.0
c8b0e2b0a7095e5d8219575d5e7e1181,85,12170.210000000001,84,84,0.07142857142857142,83,4.0843373493975905
c8b3445d737de6befde0c88ede534a5e,36,3149.04,30,30,0.03333333333333333,30,4.433333333333334
c8c1bea22194a4eefa2dc9a9fa89f536,13,1266.0,7,7,0.0,7,5.0
c8cc60ffd415254af5d9b9f34f32c369,9,722.2,8,8,0.0,8,4.75
c8e135e7b21ecbc36c1153a29d2f5a06,7,1165.5,7,7,0.0,7,4.857142857142857
c963a25b8671419c6ce9eebe8fd03218,1,49.0,1,1,0.0,1,5.0
c97aa4ee7420f937da13b7f9e2228b99,1,29.9,1,1,0.0,1,1.0
c990d6cf976a5718aaedc539f383ab88,9,183.1,8,8,0.375,8,3.625
c9a06ece156bb057372c68718ec8909b,9,3420.0,9,9,0.0,9,3.5555555555555554
c9aafcd0621b2207c10e32c649cada4d,47,2671.26,40,40,0.075,40,4.325
c9c7905cffc4ef9ff9f113554423e671,139,10657.18,127,127,0.07874015748031496,127,4.141732283464567
c9d2ba8dde44a275ae06475ed1d2fafc,1,28.79,1,1,0.0,1,5.0
c9e5ad1f6647f5dbd1172adf6ae3cada,4,259.03,4,4,0.0,4,4.75
ca3bd7cd9f149df75950150d010fe4a2,135,9253.47,68,68,0.014705882352941176,68,4.088235294117647
ca4b77513ac2040591b0d8fae6958380,15,1772.45,14,14,0.14285714285714285,14,4.5
ca5832c6960267b71041f74bb39e8b12,1,79.9,1,1,1.0,1,1.0
ca77545ca4d2dfd1431bf61334e2fa3c,10,760.0,6,6,0.0,6,4.666666666666667
ca7c6bd577e559472af1c699de9e764e,8,148.0,6,6,0.0,6,4.333333333333333
caa9bc43a9fe8cf9c564ddd8a03cc4a6,14,803.87,13,13,0.0,12,4.666666666666667
cab85505710c7cb9b720bceb52b01cee,202,11019.8,199,199,0.020100502512562814,198,4.333333333333333
cac4c8e7b1ca6252d8f20b2fc1a2e4af,81,3728.2,73,73,0.1780821917808219,72,3.5555555555555554
cac4e0bc1a3269fa2b6ea5e763f6115b,3,57.88,2,2,0.0,2,5.0
cac63f48c38cd7d002a7e846dcd99a23,10,874.0,10,10,0.0,10,4.8
cac876b37d3abcd6bd76caca30277996,33,2229.77,27,27,0.0,26,4.461538461538462
cad10cc982ab6a391570c211b995c17c,1,47.4,1,1,0.0,1,5.0
cad9969167c09b48ae6f1d123f7fa68d,1,24.0,1,1,0.0,1,5.0
cb0b3bcf14e0a709df412a99424a59d7,2,460.0,2,2,0.0,2,4.5
cb162c8eef257253782d245c08d9097c,1,34.99,1,1,0.0,1,5.0
cb32766839f443db85c82a43c4a6c19e,2,234.0,2,2,0.0,2,3.0
cb3dd9ce66268c7a3ca7241ac70ab58c,50,2788.32,48,48,0.041666666666666664,48,4.1875
cb41bfbcbda0aea354a834ab222f9a59,11,3792.0,11,11,0.36363636363636365,11,3.272727272727273
cb4a705d00e100b9732d0ca34817d441,2,998.0,1,1,0.0,1,1.0
cb5df0dcb9e280b1780e9d589889f2c7,12,1614.88,11,11,0.18181818181818182,10,3.4
cb5ff1b9715e99589f3e0c7a6afab9e3,4,85.0,4,4,0.0,4,4.0
cb6c9f5888a7a090c75beaf615925792,11,779.8900000000001,11,11,0.0,11,3.8181818181818183
cb810bd318f51b3dc3c753944d61a1fa,1,1750.0,1,1,0.0,1,4.0
cb8bcce248bb1fb274ba762d8b971456,67,9152.4,66,66,0.015151515151515152,66,4.333333333333333
cb9fb4ca75d7ba8437480e8dde64fe98,10,532.14,10,10,0.0,10,4.0
cbbd5ae8f53de5f5097cd8217b529e24,1,175.9,1,1,0.0,1,4.0
cbd996ad3c1b7dc71fd0e5f5df9087e2,189,8217.5,160,160,0.08125,157,4.210191082802548
cbf09e831b0c11f6f23ffb51004db972,10,1535.2,10,10,0.0,10,4.4
cc1f04647be106ba74e62b21f358af25,1,11.9,1,1,0.0,1,1.0
cc3d14116804f7209f3884f6367f1152,30,5477.8,27,27,0.0,27,4.62962962962963
cc419e0650a3c5ba77189a1882b7556a,1719,101090.95999999999,1651,1651,0.052695336159903086,1647,4.149969641772921
cc5a78bbad32776dc4e3af205218368c,38,4269.18,33,33,0.030303030303030304,33,4.454545454545454
cc63f0dd2acba93ffed4fe9f8e0321fa,63,7096.71,55,55,0.0,55,4.090909090909091
cc80e2f693fa6e2408f47ccf62413fc1,2,420.0,2,2,0.0,2,4.0
cca3071e3e9bb7d12640c9fbe2301306,804,62081.46,691,691,0.049204052098408106,680,3.886764705882353
ccada0ef508e698917a6eab263375905,3,172.8,3,3,0.0,3,3.6666666666666665
ccb83a794700270fde70898fe9ff368b,12,11062.0,12,12,0.16666666666666666,12,4.333333333333333
ccbd753e6863fe7314dc6c0ca5a074e7,1,495.0,1,1,0.0,1,4.0
ccc4bbb5f32a6ab2b7066a4130f114e3,189,72926.72,184,184,0.06521739130434782,183,4.3224043715847
cce6ab8d1682639fe45ab70234f1665f,64,2442.7,61,61,0.03278688524590164,61,4.508196721311475
ccf8813e5a7d6c84d865cd38bfc2b130,26,2635.5,26,26,0.038461538461538464,26,4.384615384615385
cd06602b43d8800bd0afad514919d35c,52,2555.31,43,43,0.046511627906976744,43,3.744186046511628
cd2169d9f31ff6fbb9ca3373b0c9e354,1,569.0,1,1,0.0,1,4.0
cd233f8bfa30ebfd651f47ee7d054951,1,79.9,1,1,0.0,1,5.0
cd3d09fbe6e3e9ff0c0ac0c300e93ae7,12,651.04,12,12,0.08333333333333333,12,4.166666666666667
cd52a8efd71af3336b14b5039b951cc1,2,111.8,2,2,0.0,2,3.0
cd68562d3f44870c08922d380acae552,129,18119.7,122,122,0.1557377049180328,121,4.016528925619835
cd6efc47efaabf134f8bdb654e10b4f1,32,4158.55,31,31,0.06451612903225806,31,4.483870967741935
cd843d4cf8ef32827de0396605163ba3,5,1915.0,5,5,0.0,5,3.8
cda598c48d7c614bc1cad7d8ff6f0010,18,1118.6000000000001,17,17,0.0,17,4.0588235294117645
ce20a2ec1514c25e16f2b5b39bc818f0,7,287.0,4,4,0.0,4,4.75
ce248b21cb2adc36282ede306b7660e5,65,13560.19,64,64,0.078125,64,4.234375
ce27a3cc3c8cc1ea79d11e561e9bebb6,147,9334.55,118,118,0.01694915254237288,113,4.212389380530974
ce33c6211beaa8fef4cae8b52db39862,1,49.0,1,1,0.0,1,3.0
ce3ad9de960102d0677a81f5d0bb7b2d,1,158.0,1,1,0.0,1,5.0
ce4755084bc097113867e6454f8f5e52,1,18.9,1,1,0.0,1,5.0
ce616e1913288884e7742faac9d981db,22,333.3,14,14,0.07142857142857142,14,4.428571428571429
ce69a8021d18961dd2a40269b7c2c293,19,4818.0,19,19,0.05263157894736842,19,4.473684210526316
ce7d1888639e6fb06b2749cbfdac1ff7,84,11793.89,78,78,0.08974358974358974,78,4.166666666666667
cea729054f157f5870bdd321a958d994,26,2482.1,24,24,0.041666666666666664,24,4.125
ceaec5548eefc6e23e6607c5435102e7,206,51478.18,198,198,0.050505050505050504,195,4.2
cecd97bc34ed8330bd4cd15713eda670,1,57.99,1,1,0.0,1,1.0
cee48807215b30a12ca2ca10ffb5f250,40,7212.2300000000005,39,39,0.1282051282051282,39,3.769230769230769
cf1313c6e2c01c2f4b014f97db4bcd2b,5,315.70000000000005,5,5,0.0,5,5.0
cf2384dd2f1dddea3f838efed0945e65,16,2101.5,16,16,0.0,16,3.9375
cf654707ed6a99f112c7ec3d6f314b8b,4,756.0,3,3,0.0,3,4.666666666666667
cf8ab1616079e2793aa29d524df01bb1,6,9594.0,6,6,0.16666666666666666,6,2.5
cfa5ab0e4d3fc212fd0b3410e7081c62,20,4780.81,15,15,0.0,15,3.8666666666666667
cfb1a033743668a192316f3c6d1d2671,179,12609.54,143,143,0.0979020979020979,142,4.042253521126761
cfd7ddab722b902f7ac5b5f3ba6d723d,13,3385.0299999999997,12,12,0.0,12,4.75
cfe94489ddd337d1e29e12f2a7205d10,24,2376.0,20,20,0.05,20,4.3
d03698c2efd04a549382afa6623e27fb,20,8703.92,17,17,0.058823529411764705,17,4.470588235294118
d05ae8f7a5bd1d2a690a44cd079e4e27,80,13244.0,77,77,0.06493506493506493,76,3.8947368421052633
d06d019f72a04e5497a0b64190af170c,17,2415.93,17,17,0.0,17,4.529411764705882
d0d70d21e2234dd7cd3cf63fe414148a,9,598.4,8,8,0.0,8,4.25
d101c6da914ae3d53f7bee42283f2fe2,9,851.1,9,9,0.1111111111111111,9,3.2222222222222223
d12c926d74ceff0a90a21184466ce161,96,3831.38,75,75,0.013333333333333334,75,4.386666666666667
d13e50eaa47b4cbe9eb81465865d8cfc,68,7073.05,66,66,0.09090909090909091,66,4.818181818181818
d149de2f383552baea37a7198c2296ce,3,320.70000000000005,3,3,0.0,3,5.0
d1582f4043306e6b91afa6a8a884f898,9,990.0,9,9,0.1111111111111111,9,4.111111111111111
d17f467e4bf608a510c20d82f4ba3b6b,11,2963.7799999999997,11,11,0.18181818181818182,11,4.2727272727272725
d180e07dc1e58c31c3f0cd599dc4d945,1,58.8,1,1,0.0,1,3.0
d197aa8fbc64087f61984deef05f6227,7,519.09,6,6,0.0,6,4.833333333333333
d1a5cc844736958c11b8efab9a2b4c87,1,237.6,1,1,1.0,1,1.0
d1aa1ec0839dcab73a6161130eb1f94a,1,119.9,1,1,1.0,1,4.0
d1b65fc7debc3361ea86b5f14c68d2e2,40,11413.17,39,39,0.02564102564102564,39,4.641025641025641
d1b9d4be4b6f9ebd85f8acd6745ba612,11,1154.35,11,11,0.0,11,4.181818181818182
d1c281d3ae149232351cd8c8cc885f0d,239,26833.61,214,214,0.06542056074766354,212,3.811320754716981
d1c7fa84e48cfa21a0e595167c1c500e,12,1156.03,12,12,0.0,12,4.333333333333333
d1ef48b38baca7e831711c4a0aeb398f,34,1439.13,28,28,0.07142857142857142,28,4.571428571428571
d20b021d3efdf267a402c402a48ea64b,102,3922.3,86,86,0.16279069767441862,85,3.7529411764705882
d23019c84ffae2d5ef2270367b8605fc,39,29205.1,39,39,0.02564102564102564,39,4.410256410256411
d2374cbcbb3ca4ab1086534108cc3ab7,620,20926.02,514,514,0.05252918287937743,509,3.781925343811395
d2572f31e9023e9850ef986a636ff9bf,1,279.0,1,1,0.0,1,5.0
d25aa0aaacb370e912f8cf6efeba38b3,21,2658.45,17,17,0.058823529411764705,17,4.470588235294118
d263fa444c1504a75cbca5cc465f592a,1,399.0,1,1,0.0,1,5.0
d26aa40b90272d4843d63be7c1462c8d,2,152.9,2,2,0.0,2,4.5
d297f1055de2956aedfd3b04113dce3e,1,54.3,1,1,0.0,1,4.0
d29ba1220fb8634fa3a107e54497b8a4,9,724.94,9,9,0.0,9,3.2222222222222223
d2df77822373f19934e87694d8640767,2,155.9,2,2,0.0,2,3.0
d2e753bb80b7d4faa77483ed00edc8ca,15,1320.7,14,14,0.07142857142857142,14,3.7142857142857144
d2f3e277560ed4c6361284429b00f037,7,320.55,7,7,0.0,7,4.714285714285714
d32e3909cfb714fb2a6cb092c85b9c5f,11,2827.9,10,10,0.2,10,3.5
d354c38a7182125a748cb10474fe963b,19,1500.34,17,17,0.058823529411764705,16,4.375
d3674f271c91f824f82d24d92011f669,20,1718.3,20,20,0.1,20,4.1
d36b07fd3c5088e477a72d1fccfe29d4,1,328.9,1,1,0.0,1,5.0
d379f449f2a3b271bc01c0782020f705,29,4423.06,28,28,0.03571428571428571,28,3.892857142857143
d3891911c2feae53c52fea2bd14054e5,2,141.0,2,2,0.0,2,5.0
d3dcf0604eabf0224fbd5948b5e02f69,9,2902.2999999999997,9,9,0.3333333333333333,9,3.888888888888889
d3e7d37c0df9aef383f3f2a15b0dddfb,1,161.0,1,1,0.0,1,5.0
d3f39f05462b79a4562d35893a28f159,37,2363.4,33,33,0.12121212121212122,33,3.606060606060606
d4828feed4cda2cd9d6b37899a95a71e,1,39.9,1,1,0.0,1,2.0
d4910f1cdcfdabd48d6b316e395d4a23,12,1146.88,11,11,0.0,11,4.909090909090909
d4a5e99e0dd915df64ba55a7fbd583fd,6,65.15,2,2,0.0,2,3.0
d4e12e7884759a14fa0f5f896c791cae,32,1400.0,29,29,0.06896551724137931,29,4.620689655172414
d4e4b5192cba4e0e66eb12a9d347239d,11,431.9,11,11,0.0,11,4.454545454545454
d4f117125b59ce73c3302f88ee40c458,17,783.29,17,17,0.0,17,4.823529411764706
d4ffeb15b67e81ff9af2b4252d99fb7e,12,1400.4,11,11,0.0,10,4.3
d50d79cb34e38265a8649c383dcffd48,69,12842.43,69,69,0.043478260869565216,68,4.25
d51e0a403fe2e689ece6c73359d96e12,25,7380.0,18,18,0.1111111111111111,18,4.222222222222222
d52cbce9845184537284a23c3bc3da0e,4,75.0,2,2,0.0,2,5.0
d558ebe531605a1285ab2b1bc3256dfb,3,709.0,3,3,0.0,3,4.666666666666667
d566c37fa119d5e66c4e9052e83ee4ea,73,5145.7,65,65,0.0,64,4.6875
d57e18d5f73c7ccb7f7339b61166898d,63,3187.7,61,61,0.0,61,4.426229508196721
d58d521f3789def2e7a22715e0badd93,2,65.98,2,2,0.0,2,3.5
d594982fd877af63ace38ea1fca27c76,7,217.04,7,7,0.0,7,4.428571428571429
d598f929fc44e1e38678e7f47250ec04,1,69.9,1,1,0.0,1,5.0
d5b9a084373da994a6e37f732169a853,7,1769.0,7,7,0.14285714285714285,7,3.5714285714285716
d5ba419e26d246a0719437cf37d9b46d,34,3911.5,33,33,0.09090909090909091,32,4.0
d5c530f4884a75ae0dba9c148718d278,8,252.93,5,5,0.2,5,4.0
d624126b9206f595fb3fbb6ba03b28a8,28,7198.8,23,23,0.043478260869565216,22,4.318181818181818
d63c73efd41eb002280e7ec831424edb,2,5598.0,2,2,0.0,2,4.0
d63f306de130e0391d38a792541723b8,1,49.0,1,1,0.0,1,5.0
d650b663c3b5f6fb392b6326366efa9a,57,18335.9,57,57,0.05263157894736842,57,4.368421052631579
d66c11a9572221d92fbb8c4897db5f9b,16,776.56,16,16,0.0,16,4.5625
d66c305afaec317ebee552073a674429,44,4126.59,38,38,0.02631578947368421,38,4.447368421052632
d673a59aac7a70d8b01e6902bf090a11,84,3908.94,79,79,0.0759493670886076,79,3.911392405063291
d6ab728cf30867cf3f1a2e216ae2f9b7,14,2002.0,12,12,0.0,12,4.416666666666667
d6b1ce66b035a475f00c017792ff9769,108,12277.4,92,92,0.05434782608695652,90,4.277777777777778
d6b664fa0667064c6d76394e7848d790,6,6080.0,6,6,0.0,6,4.833333333333333
d6cd01c59123df02fc226eadbadb5f89,1,69.9,1,1,0.0,1,5.0
d71d863e5ef30d94e440c11be17dcd8f,30,9246.9,23,23,0.13043478260869565,21,3.3333333333333335
d73cbd89533ce8b041a9190241453ac8,3,268.7,3,3,0.0,3,4.333333333333333
d7485b33791774c36108f8c69602d48d,10,399.82,10,10,0.1,10,3.7
d7827b2af99326a03b0ed9c7a24db0d3,1,1455.0,1,1,0.0,1,5.0
d79e8478eed9999493990b44955fb22e,5,721.89,5,5,0.2,4,4.0
d7ab82074b5f1dfba46db123df101bff,3,38.67,2,2,0.0,2,4.5
d7b2377bae6ace1b11fc69a11900ac36,3,239.70000000000002,3,3,0.3333333333333333,3,3.6666666666666665
d7d517afce974cd491b8d52bb5b5b1fc,1,89.99,1,1,0.0,1,4.0
d7f1cfc638473be93baedbfd02208016,1,30.0,1,1,0.0,1,5.0
d85efbc8eff2b7adf524e2820569adc8,1,55.0,1,1,0.0,1,5.0
d8b8f2cf9ff6ba0389072541cb42498c,1,149.0,1,1,0.0,1,5.0
d8bf0fc082fd4a77fc2e5679b6c00133,1,139.9,1,1,0.0,1,5.0
d8c7ba53e7e38711eaef8c2849d6d2e1,22,1190.87,22,22,0.0,22,4.5
d8cf3b6a2151949f930d0252b180ec42,19,623.7,6,6,0.0,6,3.5
d8d9567d0bfb0bc7eb845a205ba42657,4,74.6,4,4,0.25,4,3.5
d8dd176509baa37f359644d082bf7f7b,2,198.0,2,2,1.0,2,1.5
d90fe2229fee1a5da999ccd0c06c1667,3,450.0,3,3,0.0,3,4.666666666666667
d91fb3b7d041e83b64a00a3edfb37e4f,525,39926.39,524,524,0.03816793893129771,520,4.1365384615384615
d921b68bf747894be13a97ae52b0f386,77,15645.8,77,77,0.012987012987012988,77,4.558441558441558
d93844a9c55ba7ce353388bcf849ea56,14,2708.5,12,12,0.0,12,4.25
d93919c944be9cff128f6c9cb899eacb,33,2666.7000000000003,33,33,0.15151515151515152,33,4.0
d93b8458c6fe139d85cfa5eadbf55bd2,1,19.9,1,1,0.0,1,5.0
d9442042130b7fe579d1295f9f4a248f,22,772.16,19,19,0.05263157894736842,19,4.368421052631579
d94a40fd42351c259927028d163af842,109,13674.8,100,100,0.03,98,4.214285714285714
d94ba08b99bedd6a5f6c875ecc4a6fac,9,539.1,8,8,0.0,8,4.75
d97df38225e5abadaff1e72cb72b823c,28,1776.0,28,28,0.14285714285714285,27,3.925925925925926
d98eec89afa3380e14463da2aabaea72,183,6968.53,168,168,0.023809523809523808,167,4.341317365269461
d9a84e1403de8da0c3aa531d6d108ba6,58,1385.3,53,53,0.05660377358490566,53,4.584905660377358
d9b00a97818674c7f8d8b1ef0e689679,1,69.9,1,1,0.0,1,3.0
d9bd94811c3338dceb4181f3dbc0c73e,61,6911.02,54,54,0.05555555555555555,54,4.796296296296297
d9c349beabc06aa6ff1c6d68b5e9e22e,1,168.1,1,1,0.0,1,5.0
d9cb0052a666de5308b32f32ad5f1b1c,3,231.89999999999998,3,3,0.0,3,3.6666666666666665
d9cd369bffa979d1634f8e1318bf2f1b,3,678.0,3,3,0.0,3,5.0
d9d43faf741ceaa8da52fdbb81d9e0e3,6,161.0,4,4,0.0,4,4.0
d9e7e7778b32987280a6f2cb9a39c57d,13,722.5,11,11,0.18181818181818182,11,3.5454545454545454
d9e8c084b68fe958861d8f2c21202e6b,12,3050.0,9,9,0.0,9,4.333333333333333
da03c298e3999e9d828591fc2179d109,5,787.7,4,4,0.0,4,4.75
da20530872245d6cd9d2f5725613c430,3,314.96000000000004,2,2,0.0,2,4.5
da2782c804606d2a5d8e1760dbb3e7ec,1,89.0,1,1,1.0,1,1.0
da3fede3469bf49b7293ce3fc45b294d,1,44.9,1,1,0.0,1,5.0
da6a60cc8cc724fe51be021ff8be779c,13,728.79,12,12,0.0,12,4.75
da7039f29f90ce5b4846ffc0fcc93beb,18,1259.1,17,17,0.058823529411764705,17,4.529411764705882
da8622b14eb17ae2831f4ac5b9dab84a,1548,159816.87,1311,1311,0.06636155606407322,1305,4.180842911877394
dace965ca58120f92f8d742a9fa1864b,8,1442.0,8,8,0.0,8,4.625
daeb5653dd96c1b11860f72209795012,39,1864.1,38,38,0.07894736842105263,38,4.2105263157894735
daf565f087a52def0fd5c5825b3661bc,9,813.9000000000001,9,9,0.0,8,3.625
db1f0f7c7e5e87f40b62226f020bb297,3,59.01,3,3,0.0,3,4.666666666666667
db2956745b3a8e9f3785c99f34b5d25e,46,8261.0,45,45,0.08888888888888889,45,3.8444444444444446
db4350fd57ae30082dec7acbaacc17f9,145,3304.3199999999997,136,136,0.03676470588235294,135,4.162962962962963
db46ca7bce82b11f7e247539271fc390,16,933.97,16,16,0.0,16,4.5625
db6a4d4b5f1f5f98820ce6ce2619e2de,1,135.99,1,1,0.0,1,5.0
db7ed69a53aa9fb1c01930ba54a88bbe,1,109.0,1,1,0.0,1,5.0
dbb9b48c841a0e39e21f98e1a6b2ec3e,118,7186.85,108,108,0.037037037037037035,108,4.268518518518518
dbbcfe2c8d026742134ac3e28ccde274,4,308.59000000000003,4,4,0.0,4,4.0
dbc22125167c298ef99da25668e1011f,417,32829.12,394,394,0.025380710659898477,393,4.320610687022901
dbc51f5e45d654ecc16cb68e6817ecea,1,199.99,1,1,0.0,1,4.0
dbd66278cbfe1aa1000f90a217ca4695,99,4928.9,85,85,0.03529411764705882,85,4.5058823529411764
dbdd0ec73a4817971d962698f2fea022,16,6384.0,16,16,0.0625,16,4.375
dbec9a0a7efeff029d4d9dce7dc4cc95,3,1170.0,3,3,0.0,3,4.0
dc120d932ddf9d4dfb6fd68beefda622,1,130.0,1,1,0.0,1,1.0
dc317f341ab0e22f39acbd9dbf9b4a1f,58,18988.4,55,55,0.05454545454545454,55,4.1454545454545455
dc4a0fc896dc34b0d5bfec8438291c80,242,23655.98,225,225,0.06666666666666667,225,3.8133333333333335
dc50afafdfa325eadc890c7fa42a8f4e,4,424.2,4,4,0.0,4,4.75
dc64d75cc406bb0697be983831430e60,4,813.0,4,4,0.0,4,4.75
dc7192adf8ba09569261f4a8d576afe0,8,917.0,7,7,0.0,7,3.857142857142857
dc8798cbf453b7e0f98745e396cc5616,41,1653.2,33,33,0.06060606060606061,33,3.393939393939394
dcb7367a92f5ffb89f1e2152ed260285,1,79.9,1,1,0.0,1,5.0
dcf3755cefcdc158ad0b7bdde51e871b,3,269.70000000000005,3,3,0.0,2,4.0
dd264199fc8b687ad029de7de6d760e6,1,87.9,1,1,0.0,1,5.0
dd2bdf855a9172734fbc3744021ae9b9,108,10267.2,103,103,0.05825242718446602,99,3.8585858585858586
dd39ad39b5d3df33037e141c72497ba6,2,135.8,2,2,0.0,2,5.0
dd4d95ba2d15c071e6c695e2ef6ce169,4,1748.0,4,4,0.5,4,4.25
dd533b429f380718b70ad9922c294bae,43,2244.88,39,39,0.10256410256410256,39,3.923076923076923
dd5450b022b2d00a2145a66331e1aef6,1,59.0,1,1,0.0,1,5.0
dd55f1bb788714a40e7954c3be6df745,37,7041.759999999999,35,35,0.17142857142857143,35,3.742857142857143
dd58ee93286b0821565574c570e9e1dc,2,2948.0,2,2,0.0,2,5.0
dd7ddc04e1b6c2c614352b383efe2d36,142,9148.61,121,121,0.12396694214876033,120,3.875
dd88d13bea9e4c2bf47daf224f8141e5,1,458.0,1,1,0.0,1,5.0
dd8a29ce82d5c705ba932d81494600a5,2,205.75,2,2,0.0,2,3.5
dd9661d3cda1e6feb237f0c4d8b26f2e,1,174.0,1,1,0.0,1,5.0
dda37071807e404c5bb2a1590c66326f,1,199.99,1,1,0.0,1,5.0
ddd51ae8cda92f3995a51fc0f0f3eec7,25,842.6999999999999,8,8,0.0,8,4.625
dde698c6d0bd24834c586e5111c2bba7,1,155.9,1,1,0.0,1,5.0
de09d00cfc265b8804c7df34075a68fa,3,784.0,3,3,0.0,3,3.3333333333333335
de0c78824586e9a5f5f04fd84e25df39,16,2489.3,14,14,0.0,14,4.642857142857143
de23c3b98a88888289c6f5cc1209054a,178,25933.670000000002,161,161,0.07453416149068323,161,4.291925465838509
de66a66f2dd06bb9ec37aa96987466a3,7,307.43,6,6,0.0,6,4.0
de722cd6dad950a92b7d4f82673f8833,377,55126.3,337,337,0.03560830860534125,336,4.303571428571429
de9727ca376d1be6ec121b110aa7954c,11,997.8000000000001,9,9,0.1111111111111111,9,3.6666666666666665
debe6615cd90cc0c2eac2b8988e1f628,5,278.5,5,5,0.0,5,4.6
dedcab67899479e4ea5dcc4eba47f587,2,84.0,2,2,0.0,2,4.5
dee656f0f566ed1aa85bd137c943f08f,94,6212.08,92,92,0.043478260869565216,92,4.369565217391305
df0f42bc4c2142eacf0eaf2cffd0cfbb,16,1654.0,14,14,0.0,14,4.142857142857143
df47da4ae86fa4db890d05aaf24e21d8,5,310.5,5,5,0.0,5,4.2
df560393f3a51e74553ab94004ba5c87,26,3335.88,25,25,0.08,25,3.92
df56d7b40d437f88407c5f78b63bc328,25,2791.28,22,22,0.045454545454545456,22,4.090909090909091
df683dfda87bf71ac3fc63063fba369d,1,39.9,1,1,1.0,1,1.0
df91910b6a03bb2e3358fa6a35e32f6f,13,2093.2,13,13,0.0,13,4.615384615384615
dfa0c4c6229ab200a4a1336b4d7128ff,86,4777.1,77,77,0.012987012987012988,77,4.0
dfc475d54e1b6dbeeb7d7d9bdaa63827,20,1708.37,18,18,0.0,18,4.5
dfc5fb7259bb2b599ca565e6e9448f0f,34,6124.63,33,33,0.030303030303030304,33,4.121212121212121
e00d85ce20ea50c1224c66ca5050527d,1,149.0,1,1,0.0,1,4.0
e0482f2c769468c3bbcd8a01e09d98c5,1,189.0,1,1,0.0,1,4.0
e0487761face83d64fcada2408959a36,2,49.25,2,2,0.0,2,4.5
e067ad2c1c0b48758eb1b5228bcf7a68,61,5042.55,54,54,0.07407407407407407,54,4.148148148148148
e06f09ec0a4aca210779cf1cfc63cf19,31,5279.49,29,29,0.06896551724137931,29,3.9655172413793105
e0878efa0e0b7e5313ac0b43bc04c081,28,5025.4,26,26,0.15384615384615385,26,3.6153846153846154
e09887ca8c7bf8a4621ce481820414ef,3,79.97,2,2,0.5,2,3.0
e0a366315b1b726b6c7832d664c0f530,51,7400.09,43,43,0.023255813953488372,43,4.3023255813953485
e0a3c37054ade6478d923a6efc10f308,2,219.8,2,2,0.0,2,5.0
e0b162a693bc7f9eab00f783a31d60ea,1,20.0,1,1,0.0,1,5.0
e0eabded302882513ced4ea3eb0c7059,8,978.4000000000001,8,8,0.0,8,4.625
e1643dff33666ca629e3644c02738179,3,170.0,3,3,0.0,3,4.333333333333333
e1b12447a7563944843191754aeb5562,10,472.46000000000004,9,9,0.2222222222222222,9,4.444444444444445
e1bed63d68ac36fe1f3061befe196af5,1,199.0,1,1,0.0,1,5.0
e1c76f339ebd5460999f25a2aa8c92c5,1,899.9,1,1,0.0,1,5.0
e1dc0754bada9ee4cfe9713f22f61292,12,885.0,12,12,0.0,12,3.8333333333333335
e21a1e8be4715b0fcfd5385643bc49c4,23,673.6999999999999,20,20,0.0,20,3.7
e24d3429d294b2eb200b064ebb035879,22,1878.58,19,19,0.05263157894736842,19,4.2631578947368425
e24fc9fcd865784fb25705606fe3dfe7,54,12558.0,50,50,0.08,50,4.16
e250d617a0ad591ba9bd663e584a895d,20,904.12,8,8,0.0,8,3.5
e256a62e0ac58c0edfba09966142d561,14,1474.1100000000001,12,12,0.0,12,4.416666666666667
e26901d5ab434ce92fd9b5c256820a4e,215,11601.5,197,197,0.015228426395939087,197,4.2030456852791875
e2a1ac9bf33e5549a2a4f834e70df2f8,5,14999.449999999999,5,5,0.0,5,4.8
e2aee0892199b1d92530e371abd825bf,39,5392.77,36,36,0.1388888888888889,36,3.888888888888889
e2c92f9c1c7746d899d18f2e158bbff7,12,1641.9,12,12,0.0,12,4.583333333333333
e333046ce6517bd8bb510291d44f0130,74,7268.0,68,68,0.04411764705882353,68,4.338235294117647
e38db885400cd35c71dfd162f2c1dbcf,32,2066.8,30,30,0.1,30,4.466666666666667
e3a386fc36e22064434e1fa256f6a9fa,17,793.9,16,16,0.125,16,4.1875
e3b4998c7a498169dc7bce44e6bb6277,1,6735.0,1,1,0.0,1,5.0
e3d3b3efac954a60d61be70b7e05b49b,3,1282.05,3,3,0.0,3,4.333333333333333
e3dd723429d1b23614b7fa85e2c7a853,8,471.05,7,7,0.14285714285714285,7,3.7142857142857144
e3e290b38963293022cdcd6db8328103,3,135.7,3,3,0.0,3,3.3333333333333335
e433f5fd4050e3352b5d83522b7fe24b,1,548.06,1,1,0.0,1,4.0
e439f7176d763f92de325271111b2fd5,6,1320.9,6,6,0.0,6,5.0
e45edf75f568ed2f93f78d060e246e25,7,164.29999999999998,6,6,0.0,6,4.166666666666667
e48b04bf1aa1ef711caebeb7aede6180,25,3187.1000000000004,25,25,0.0,25,4.48
e48cc16ab70bfa09e1401740dce0b3d7,17,1084.83,14,14,0.0,14,3.5714285714285716
e49c26c3edfa46d227d5121a6b6e4d37,35,3624.35,34,34,0.0,34,4.5588235294117645
e4ebd3f87bf70440014f07ddda7fbe03,7,671.5,7,7,0.0,7,4.571428571428571
e4f121bf6ef8b9a1d4d3e65dd0473fab,2,70.0,2,2,0.5,2,3.0
e4fc40017a6d22c46a14ac2e17f87c3e,1,129.0,1,1,0.0,1,5.0
e503f22be6a4f456d9851920a5d9c670,2,198.9,2,2,0.0,2,4.0
e504a4e2efaa45cbff7e268a2c58c956,11,1088.9,10,10,0.3,10,3.8
e51f22821f0c12a16ad5c020cdcd55e9,4,898.71,4,4,0.0,4,4.75
e53d5b9b29d1218281f4a907ada18626,5,350.67,4,4,0.0,4,4.75
e546117ed9cafbc40239c0c78635c584,2,456.0,2,2,0.0,2,4.5
e5475dcab1e07b63d7f6e902d8f5eda8,19,2192.0,19,19,0.05263157894736842,19,4.105263157894737
e5545d4d4473876ea78c5bcebca365c3,1,44.5,1,1,0.0,1,5.0
e560e4022d8f7aebf155db95946c5c0f,2,780.0,2,2,0.0,2,5.0
e5899683388855d3dabe8913bbe365de,3,452.88,3,3,0.0,3,4.0
e58a5b390e28abc0b216cfb0e07d27d7,7,1022.6,7,7,0.0,7,4.857142857142857
e595809a6c31ec4314fd06ef198c244d,1,39.0,1,1,0.0,1,5.0
e59aa562b9f8076dd550fcddf0e73491,82,30716.3,69,69,0.08695652173913043,69,4.260869565217392
e59e489e2ea74bd409b798b5daf49de3,5,495.0,3,3,0.0,3,1.6666666666666667
e59e575a175fadcadf8479e191770425,1,199.9,1,1,0.0,1,5.0
e5a3438891c0bfdb9394643f95273d8e,247,7549.96,216,216,0.1574074074074074,215,3.986046511627907
e5a38146df062edaf55c38afa99e42dc,123,15200.9,119,119,0.07563025210084033,118,3.9745762711864407
e5bd51692380fd8cabb19b756b95e714,2,79.8,2,2,1.0,2,3.0
e5c84227854980f1db19a58958c551d9,4,72.81,4,4,0.0,4,4.75
e5cbe890e679490127e9a390b46bbd20,2,908.99,2,2,0.0,2,4.5
e5d4b2b0c3bca22085f7a19a28de0c42,4,205.8,4,4,0.0,4,4.5
e5def42655b7490edac5a56fe8e9e603,1,129.9,1,1,0.0,1,5.0
e5e33c0d8e7e002f398f5dc4cbbb338f,27,6494.9,26,26,0.07692307692307693,26,4.576923076923077
e5f9e61ceb5f523cc966e0f34095032f,4,2238.0,4,4,0.25,4,4.0
e601b04acf48b4576e73ddca9481f0dc,16,491.94,15,15,0.0,15,4.066666666666666
e603cf3fec55f8697c9059638d6c8eb5,10,270.0,7,7,0.0,7,4.571428571428571
e627629ba868740e287800f1a9be81c2,11,337.1,11,11,0.0,11,4.909090909090909
e62b2d6ac10570a035a30bafcf01d263,71,5340.39,62,62,0.11290322580645161,59,3.9661016949152543
e63e8bfa530fb16910dd6956e592bb81,42,1282.8,41,41,0.04878048780487805,41,4.317073170731708
e644cbadf7eeb30d0d29f335ce7d52ec,9,768.91,7,7,0.0,7,4.0
e64882b4ef12aee8d0faca4db5b681f4,2,230.0,1,1,0.0,1,4.0
e64d65bc8dbec2accda90c58de5d1246,12,1678.8000000000002,12,12,0.25,12,3.0833333333333335
e64ddbe1cbcf4f2fc3092b7c481f3f9d,1,20.9,1,1,0.0,1,5.0
e6a69c4a27dfdd98ffe5aa757ad744bc,23,508.51,21,21,0.0,21,4.285714285714286
e70053bf73d1b5863932e53a9fa47496,7,4025.0,7,7,0.0,7,4.285714285714286
e72b4feb7abe210c52aa667abc25a3a2,2,38.2,1,1,0.0,1,5.0
e732329483fd5f27367dd997b47f598a,1,109.9,1,1,0.0,1,5.0
e73bf2cea7fe4b0b4d287a7568ed1099,5,737.6999999999999,4,4,0.0,4,5.0
e76ecc7e9a1a1e3c6df9d2a8261c423d,1,20.0,1,1,0.0,1,5.0
e7d5b006eb624f13074497221eb37807,63,3478.93,28,28,0.07142857142857142,28,3.9285714285714284
e7df4cd29ab5abab70fb0783ddb53987,24,9608.699999999999,23,23,0.08695652173913043,23,4.304347826086956
e7f3bf1ecd8526eb7f3b18059e6716e5,18,1382.04,17,17,0.0,17,4.647058823529412
e819bcfade7b5d88a27325eb6cfd62c5,11,202.89999999999998,5,5,0.2,5,4.2
e81e1f9c3e762e620f3fb60a51499e16,18,4465.99,17,17,0.058823529411764705,16,4.0
e82de6494d91d3c4c54450f59b227a94,3,118.9,3,3,0.3333333333333333,2,5.0
e83c76265fc54bf41eac728805e4da77,8,237.29999999999998,8,8,0.125,8,3.625
e83e93b71371817b11d78a63ff156aee,3,286.0,2,2,0.0,2,4.5
e84ad2127668df3aafc6b73531a0beb8,23,987.0,19,19,0.05263157894736842,19,4.368421052631579
e88165a185134e13fdfc85d4fa654db8,2,108.0,2,2,0.5,2,3.0
e882b2a25a10b9c057cc49695f222c19,58,51057.54,57,57,0.0,57,4.578947368421052
e883aa812c37a7413226856f4579fe91,29,4097.1,26,26,0.038461538461538464,26,4.153846153846154
e88c9b79e592e370d6bd852eeefbf057,9,251.87,8,8,0.0,8,4.75
e88f7a2995ba184710d339c5c4bf2e30,2,251.6,2,2,0.0,2,5.0
e89c4adbe7b1d0819dbb636e16461cf1,25,3181.3,24,24,0.125,24,3.8333333333333335
e8a85b5f3df47be0984c55fd4064dbb4,14,743.0,8,8,0.125,8,4.5
e8b3a3a38279a82f0e5d006d5e5b7d2c,85,11762.4,80,80,0.0375,80,4.0125
e8b4225284fbb02d16f200513f1f395d,30,5638.62,30,30,0.1,30,4.3
e8dba4d70f7f2b20e775d09cae01142d,9,855.91,9,9,0.1111111111111111,9,4.333333333333333
e8f6dc8e6a1dcde89d20e3995c8d90b3,39,1807.24,30,30,0.1,30,3.8333333333333335
e8ff5a6ceb895583033fc2a0f314e3c2,1,139.89,1,1,0.0,1,5.0
e908c0f3646e8b60375734a350d95d71,1,2951.0,1,1,0.0,1,4.0
e94b64dc6979b302a5a5be1662c83bb6,2,306.89,2,2,0.0,2,5.0
e9511df20ccd82658a30c37b7fb343af,30,2096.6,22,22,0.0,22,4.318181818181818
e96498ed8daaa3e9c23f7a62da76591c,34,9619.09,34,34,0.14705882352941177,34,3.9411764705882355
e9729944ba65dc3ce425e0c5a22ae7b2,4,916.7,4,4,0.25,4,3.75
e9779976487b77c6d4ac45f75ec7afe9,738,42229.69,645,645,0.06046511627906977,642,4.2601246105919
e9874ae10b2d60d43917b6bbfa13a599,1,199.0,1,1,0.0,1,5.0
e99e927c81e3f51739c94fcdfca9f10f,24,2597.85,21,21,0.047619047619047616,21,3.7142857142857144
e9b6c33b71b67737693b4cfa68341c8d,1,119.9,1,1,0.0,1,4.0
e9bc59e7b60fc3063eb2290deda4cced,260,33543.69,209,209,0.07655502392344497,209,4.076555023923445
e9c2dc0dd4ac38448289be644ac94f42,3,118.39,3,3,0.0,3,5.0
e9c6969d40e6a3d2d0f90013165c2b98,10,5239.98,10,10,0.0,10,4.4
e9d99831abad74458942f21e16f33f92,149,4922.4800000000005,130,130,0.1,129,3.9302325581395348
e9e446d01bd10a97a8ffcfc4a3a20cb2,3,51.15,3,3,0.0,3,4.333333333333333
ea00f977a203ff88adf7057cb7806998,18,381.72999999999996,18,18,0.05555555555555555,18,4.277777777777778
ea1776927851da2532aa70d6a32c095a,2,283.9,2,2,0.0,2,3.5
ea3ebea5317b0efbc663ecc8ce5e9bc2,3,299.70000000000005,3,3,0.0,3,4.0
ea4e9ce63a2134743b4a92777437fcdd,4,316.6,3,3,0.0,3,4.666666666666667
ea566164622c6b439516ab18062c42cd,52,10309.42,50,50,0.18,50,3.78
ea65d8b58316a6f2362f2a9e4b3e86ad,16,2061.4,9,9,0.0,9,4.0
ea67327e24487bdfac5fbfa37ea124df,34,6250.18,32,32,0.03125,32,3.53125
ea6b12bf9ffe2bac34602ec631d97a47,9,1047.3,9,9,0.0,9,4.333333333333333
ea846a0e7ad98a741783e886d89dfa44,3,137.0,2,2,0.0,2,5.0
ea8482cd71df3c1969d7b9473ff13abc,1188,36696.76,1132,1132,0.08480565371024736,1126,4.0266429840142095
eaaa46e98c9e61f6764dd1d7a2ab8b3e,1,98.0,1,1,0.0,1,5.0
ead2bab70821ea148476ae9bc08548ac,9,412.1,9,9,0.0,9,4.555555555555555
eae9af4811c294c56795d70e715b7337,1,15.9,1,1,0.0,1,5.0
eaf6d55068dea77334e8477d3878d89e,3,51.0,3,3,0.0,3,5.0
eb1bf309f4f6af9a97e9ddac3fdbeabe,1,22.3,1,1,0.0,1,5.0
eb3071b9f0b0ddaa2df5ea130f09f26b,11,6230.0,9,9,0.1111111111111111,9,4.555555555555555
eb4a59a06b3948e851a7d7a830bcbc42,1,32.0,1,1,0.0,1,5.0
eb4df17aed01d918c65f0f8d650900c0,11,3739.87,11,11,0.2727272727272727,11,3.909090909090909
eb5b6204dde3a6e03b5f1bb8479f055b,21,452.2,19,19,0.05263157894736842,19,3.9473684210526314
eb72802c83dc7547529c9546d1a9b8ef,8,1063.92,8,8,0.0,8,4.625
eb9267cccc90f1b49c8d2f9887c7dd97,1,319.9,1,1,0.0,1,5.0
eb9cd5b35d95206585e2185318cb5c61,3,550.0,2,2,0.0,2,3.0
eba88037e1dca898cd02881f67ced679,6,838.1,6,6,0.16666666666666666,6,4.333333333333333
ebd1417732defaf66c50b5a800eb293e,1,309.0,1,1,0.0,1,5.0
ebd2d60905fb58271facef5596b620d3,85,7713.02,82,82,0.036585365853658534,82,4.2317073170731705
ebe3dabc4955c9b0d695e7bda38bf5c3,1,55.0,1,1,1.0,1,3.0
ebef8d8c92b4fd3226e5d407bbff21ac,3,253.70000000000002,3,3,0.3333333333333333,3,2.6666666666666665
ec21206b7894c503788a684a7bc822a6,1,75.0,1,1,0.0,1,3.0
ec2e006556300a79a5a91e4876ab3a56,6,77.4,2,2,0.5,2,1.5
ec4608a1f76453166bb312b2968aeaf4,29,968.81,17,17,0.17647058823529413,17,3.2941176470588234
ec5c1d94df153d473b37f880977ae58e,3,199.67000000000002,2,2,0.0,2,2.0
ec80e49e69745ab6c14f984bf2149423,12,3709.0,12,12,0.08333333333333333,11,4.0
ec8463980a4e0ea9f8517aea1ed0c419,8,239.2,2,2,0.5,2,5.0
ec8879960bd2221d5c32f8e12f7da711,35,3957.5,35,35,0.17142857142857143,34,4.294117647058823
ec933281fb017b5020d06df29c3f77e8,8,1432.0,8,8,0.0,8,5.0
ececbfcff9804a2d6b40f589df8eef2b,103,6714.15,97,97,0.09278350515463918,97,4.11340206185567
ed4311e67debd72b8610a5347a743087,26,3636.0,25,25,0.04,24,4.625
ed46f1eb4a638113deb2a1137b5f22e9,4,3470.0,4,4,0.0,4,4.0
ed4acab38528488b65a9a9c603ff024a,40,12759.45,32,31,0.0,32,3.71875
ed859002ad59dbf8cf3602696a6c3000,3,719.7,2,2,0.0,2,4.5
ed8cb7b190ceb6067227478e48cf8dde,17,573.5,15,15,0.06666666666666667,15,3.4
ed9eef5be0992d413d251fadba1a410d,9,404.09999999999997,3,3,0.0,3,4.666666666666667
edb1ef5e36e0c8cd84eb3c9b003e486d,174,79144.9,165,165,0.07272727272727272,165,4.442424242424242
edb58a1390adf273840030a3d6253829,1,39.9,1,1,0.0,1,5.0
edb65fe661681b1c0de8bd47c8655855,1,69.0,1,1,0.0,1,3.0
edc518ba25576a0188a0e8f2c3af186f,8,1647.3899999999999,6,6,0.0,6,3.6666666666666665
edd066cd02126d7800f9b66e980e9931,6,987.6999999999999,6,6,0.16666666666666666,6,5.0
eddd1991bd6d9309995a480c39b95137,2,601.0,2,2,0.0,2,3.5
ede0c03645598cdfc63ca8237acbe73d,47,2352.15,43,43,0.32558139534883723,42,3.5714285714285716
ede2977fbaf3738583170735ca403f6c,1,289.9,1,1,0.0,1,5.0
edf3fabebcc20f7463cc9c53da932ea8,1,219.9,1,1,1.0,1,4.0
edf96ef93ed595084bbcbd9224bd2894,28,3757.0,25,25,0.08,25,3.88
ee27a8f15b1dded4d213a468ba4eb391,1,6499.0,1,1,0.0,1,5.0
ee2fbacc2fc3794e656cc4d933d59ce7,3,464.97,2,2,0.0,2,4.0
eeb6de78f79159600292e314a77cbd18,83,43510.84,82,82,0.036585365853658534,82,4.439024390243903
eebb3372362aa9a46975164bed19a7e7,4,295.96,4,4,0.5,4,3.25
eec3469d83e142f9a104886655338c37,4,185.7,4,4,0.0,4,4.5
eed78ac17f7f795a19a709745f00cd4e,56,4349.5,22,22,0.0,22,3.772727272727273
ef0ace09169ac090589d85746e3e036f,139,16105.400000000001,128,128,0.078125,128,4.3984375
ef2fbc2b607d8492bcffe657a4645434,21,920.9,19,19,0.10526315789473684,19,4.0
ef30892870c278497523264be1be2241,9,783.2,9,9,0.0,9,4.555555555555555
ef506c96320abeedfb894c34db06f478,332,9556.5,316,316,0.07911392405063292,314,3.961783439490446
ef728fa1f17436c91ed1ccd03dcf9631,4,128.7,3,3,0.0,3,4.333333333333333
ef990a83bbea832f36ebe81376335aa8,44,4642.59,43,43,0.20930232558139536,43,3.627906976744186
ef9952469137ff190bacafe117f51537,5,1002.66,5,5,0.0,5,4.8
efb628aa07c8ca93d7db0d85b91a4f5a,1,204.0,1,1,1.0,1,4.0
efcd8d2104f1a05d028af7bad20d974b,50,2384.79,46,46,0.021739130434782608,46,4.195652173913044
efff9341f3f8f5237b44ff67ed36a7bf,5,872.99,5,5,0.0,5,4.4
f00e21b1e91a79653163b7fd8f293ff1,31,3900.09,31,31,0.03225806451612903,30,4.1
f00f5b35d0abcacbdd863672f4bb2c1a,1,299.0,1,1,0.0,1,4.0
f021c962aaba8ef6eb527a9c2c8394d1,5,4398.5,5,5,0.0,5,4.2
f049a72cf58fd31b11f8919cade515e7,4,138.75,3,3,0.0,3,3.3333333333333335
f0837c8d71434931d9e38e7b79234797,23,3446.9,22,22,0.045454545454545456,22,4.590909090909091
f08a5b9dd6767129688d001acafc21e5,18,14069.630000000001,11,11,0.0,11,4.2727272727272725
f08c008c8a8d31417763738a1788a2a8,21,1211.92,20,20,0.15,19,3.4210526315789473
f0b47fbbc6dee9aafe415a6e33051b3f,85,3766.92,67,67,0.1044776119402985,67,4.253731343283582
f0e103c63864d5405b958d984b6e94c9,11,951.7,11,11,0.0,11,4.7272727272727275
f0ec78809fe0bc3edb11c9fe5b97b059,2,62.599999999999994,2,2,0.0,2,4.0
f114dca2828bf718548db175ebe2cfcd,1,139.0,1,1,0.0,1,1.0
f1198c871e0171278b63f40d112caeec,2,475.8,2,2,0.0,2,4.5
f125f3a310c2e5f822d116147de1e474,22,2761.4,16,16,0.125,16,4.1875
f12d3c2a14729ae461b920c11fe20fdc,11,364.45,9,9,0.0,9,4.444444444444445
f12ff17ad8bbf01ec5c33b17e506649b,28,6101.0,28,28,0.10714285714285714,28,3.857142857142857
f18112da765e0971ca5d510dec322bdd,2,327.8,2,2,0.0,2,4.0
f181738b150df1f37cb0bd72e705b193,37,5529.7,36,36,0.08333333333333333,36,4.472222222222222
f19516b9ff26bfeb091b30108db4ddbd,3,162.7,3,3,0.0,3,3.6666666666666665
f1b854361f4e15d5851b494df66f22b2,4,1168.8,3,3,0.0,3,3.3333333333333335
f1b93673502375d491780bb49d615dbc,10,2638.9300000000003,8,8,0.125,8,3.125
f1c1ac3f3efc07e659c035008e615e66,9,2294.96,3,3,0.0,3,3.3333333333333335
f1ce5fdecd64935c28b9ff932751d0dc,2,158.0,2,2,0.0,2,4.5
f1ed6bd0a9b11b581f16c851c6a5a527,18,1622.77,17,17,0.058823529411764705,17,4.470588235294118
f1fd5ab1181f827ffad998c1a5de7d74,15,7045.99,15,15,0.0,15,4.666666666666667
f1fdf2d13186575751aa25876536d85c,1,26.3,1,1,0.0,1,5.0
f205b1a3ca9a34e0f8a228bae6e4c7b3,8,1088.0,8,8,0.0,8,4.875
f214d28e8d8e3ef068748498ccc2f813,57,2152.43,52,52,0.07692307692307693,51,4.2745098039215685
f22a247b79dd22ecd91dc8e3b2a1b07c,8,439.94,8,8,0.25,8,4.0
f2336e113377dd21c744d9c4fc8293a9,4,3563.0,4,4,0.0,4,4.25
f235413f677777a0738ff215d0184901,2,1191.98,2,2,0.0,2,5.0
f25e239052084705e17a982bc600ab2a,8,7380.0,8,8,0.0,8,4.25
f262cbc1c910c83959f849465454ddd3,204,10199.86,189,189,0.07407407407407407,188,4.180851063829787
f266295f49a28eee21f413e0cbb0521d,2,149.8,2,2,0.0,2,4.5
f26d70155c2b6326fcfa1780c8c684e4,1,202.89,1,1,0.0,1,5.0
f27e33c6d29b5138fa9967bcd445b6d5,98,8888.3,93,93,0.08602150537634409,93,4.096774193548387
f3041c2e75ec683697a6a5ea82192210,1,145.0,1,1,0.0,1,5.0
f307937c1bb287c3efc2a514b94b0d1d,1,189.99,1,1,0.0,1,5.0
f326006815956455b2859abd58fe7e39,30,3147.16,9,9,0.0,9,4.666666666666667
f3295428338a40977a03f555246a70f4,7,644.98,7,7,0.14285714285714285,7,3.5714285714285716
f3511c85f59f8dec53d140501ee8e7a8,1,69.9,1,1,0.0,1,5.0
f356c348fbc8df6a882823e21f5ce8b7,2,195.18,2,2,0.0,2,2.5
f35b3c613c4f7b2275f4185d0a3c59ec,9,4047.25,9,9,0.1111111111111111,9,4.555555555555555
f35becee938e982bd615edf8ef12bcfb,6,148.59,6,6,0.0,6,4.0
f3862c2188522d89860c38a3ea8b550d,1,15.5,1,1,0.0,1,5.0
f3975e8a41157005d4bcbb358678cd9b,2,178.8,2,2,0.0,2,5.0
f3b80352b986ab4d1057a4b724be19d0,91,9815.1,86,86,0.0,86,4.209302325581396
f3c38ab652836d21de61fb8314b69182,15,1581.0,15,15,0.0,15,4.266666666666667
f3da5b2ff499efb8d4a6d371d175d7dd,82,3540.89,77,77,0.11688311688311688,76,3.8947368421052633
f410c8873029fcc3809b9df6d0b28914,2,289.8,2,2,0.0,2,5.0
f419677537694f0462a91990df6ca44f,6,220.5,6,6,0.16666666666666666,6,4.0
f41ce2e25237f9092cd8e6e7516c7a2f,26,1903.9,25,25,0.0,25,4.4
f435898e493ba0356019a0b1cb8b55b1,12,649.76,10,10,0.0,10,4.4
f43827dd686be3a4a80e00aa299990fb,2,95.54,1,1,0.0,1,2.0
f44b6f775a2b390380e0e30b5c9d3eee,10,2930.0,10,10,0.0,10,4.9
f44bdc12aa39f5271f0b95f66cd4c289,7,357.5,5,5,0.2,5,3.2
f45122a9ab94eb4f3f8953578bc0c560,197,21764.68,184,184,0.07065217391304347,184,3.972826086956522
f457c46070d02cadd8a68551231220dd,230,18798.3,195,195,0.05641025641025641,194,3.8762886597938144
f46490624488d3ff7ce78613913a7711,87,5690.95,80,80,0.1125,80,3.7625
f4a04f7be452aa3bb31760bf00055dd0,18,1312.1,18,18,0.0,18,4.666666666666667
f4aba7c0bca51484c30ab7bdc34bcdd1,114,2912.2,107,107,0.056074766355140186,107,3.94392523364486
f4c4daa86e30c7e5a553a8d518ac03a5,18,5984.3099999999995,18,18,0.05555555555555555,18,4.0
f4ce8ca9fa7157e3b33f536ac9a4487d,4,409.6,4,4,0.0,4,4.75
f4db9b37944bcb8873e6b456ee190bbf,22,3409.78,21,21,0.09523809523809523,21,4.571428571428571
f524ad65d7e0f1daab730ef2d2e86196,2,578.0,1,1,1.0,1,1.0
f52c2422904463fdd7741f99045fecb6,13,567.79,12,12,0.0,12,4.25
f593898ec748b7a8cb81fc04edafd98a,22,2588.04,19,19,0.15789473684210525,19,3.6842105263157894
f5a590cf36251cf1162ea35bef76fe84,118,51232.78,113,113,0.07079646017699115,113,4.274336283185841
f5b44895715ddfe3087dc414f30268f3,19,378.8,19,19,0.0,19,4.0
f5f1f2c5f923f36ad79ea1d07185ddc9,11,1517.77,10,10,0.1,10,3.7
f5f2ab9bdb6b30c14c61be68c5ed37da,16,1990.79,16,16,0.0625,16,4.1875
f5f46307a4d15880ca14fab4ad9dfc9b,10,1422.94,9,9,0.1111111111111111,9,4.111111111111111
f5fea3ffed6c2e889bab72705557c63a,1,345.0,1,1,1.0,1,5.0
f6122bc84774df1b372bdb3bb88ddb9f,3,4799.87,3,3,0.3333333333333333,3,3.6666666666666665
f615fe7efbef0f4f08fd3086bc7a3e60,23,2061.37,22,22,0.09090909090909091,22,4.5
f61c63d13f7cd800549d5acdd390ae72,26,3072.3,26,26,0.07692307692307693,26,4.0
f626e15b7314c267e4429010866f70e9,7,193.54999999999998,5,5,0.0,5,3.8
f62d7bb4a613ec758a03342d46b580b2,32,24665.0,32,32,0.09375,32,4.375
f63d8f293af3a6454377546bd9dd19ff,28,1751.82,17,17,0.058823529411764705,17,4.470588235294118
f650a9708fa1bab22bdd8d3a818cc415,4,416.04,4,4,0.0,4,4.0
f664f98bfda2eaf266a23ff144e7a872,2,153.99,2,2,0.0,2,3.0
f67efa3f0b6761102a7f8c6b7b571f5d,30,4898.7,29,29,0.0,29,4.586206896551724
f680f85bee2d253556ac91be391d2c82,54,5183.92,45,45,0.022222222222222223,45,4.333333333333333
f682e0f848abafc6f41e0d4e868c66ef,2,269.98,2,2,0.5,2,3.5
f7315bb81aea4ddca2d39e249a801c98,2,379.8,2,2,0.0,2,4.5
f7496d659ca9fdaf323c0aae84176632,25,4717.679999999999,24,24,0.041666666666666664,24,4.541666666666667
f76a3b1349b6df1ee875d1f3fa4340f0,24,4160.79,24,24,0.2916666666666667,24,3.4583333333333335
f7720c4fa8e3aba4546301ab80ea1f1b,77,2043.55,59,59,0.05084745762711865,59,4.254237288135593
f783a638e9c6af4a7d0dbfde811e7a81,5,849.8,5,5,0.2,5,4.0
f789d2c4f2c2eb38fc4373e7a4b35264,49,4864.24,44,44,0.045454545454545456,44,4.159090909090909
f7ba60f8c3f99e7ee4042fdef03b70c4,229,68070.0,218,218,0.13761467889908258,218,4.220183486238532
f7c31656c19db6275a8acadca289f426,1,61.56,1,1,0.0,1,3.0
f7ccf836d21b2fb1de37564105216cc1,73,2748.4,69,69,0.07246376811594203,67,3.8507462686567164
f805b96fa705ba7995a221f1749dc141,7,2744.44,7,7,0.0,7,4.428571428571429
f80edd2c5aaa505cc4b0a3b219abf4b8,125,8855.5,116,116,0.05172413793103448,115,4.147826086956521
f8201cab383e484733266d1906e2fdfa,10,889.0,10,10,0.1,10,4.1
f84a00e60c73a49e7e851c9bdca3a5bb,97,5849.24,88,88,0.10227272727272728,88,3.897727272727273
f84fa566034f5e8e880a07ec624c56af,100,4993.91,89,89,0.10112359550561797,89,4.247191011235955
f88adb15807168d3c43d71021090ce4a,3,488.8,3,3,0.0,3,3.3333333333333335
f8d5c7085db9a4ad2b8c1ffbeb2798c8,6,263.0,6,6,0.0,6,5.0
f8db351d8c4c4c22c6835c19a46f01b0,714,50082.6,659,659,0.042488619119878605,656,4.263719512195122
f8e2c1b59cd4225a3e4fd0d013a76b93,3,219.8,2,2,0.0,2,5.0
f8f35af4634605e6693c17cc3ffff5a8,1,90.0,1,1,0.0,1,5.0
f90f77ef2799a27f80d90c425ca944f7,1,70.0,1,1,0.0,1,5.0
f918546be4bec7104d117789ba758b2b,23,1483.0,20,20,0.15,20,3.85
f9244d45189d3a3605499abddeade7d5,20,15081.439999999999,20,20,0.0,20,4.35
f92d8c817434bd2d84d4e9c61322b7fa,5,174.84,5,5,0.0,5,4.6
f97e2b0650c2068227e1d366140eb62f,21,3654.0,16,16,0.0625,15,4.0
f9903dd0f812c7e771fcad47b6fff231,15,1684.8500000000001,10,10,0.0,10,3.2
f9bbdd976532d50b7816d285a22bd01e,2,268.0,2,1,0.0,2,5.0
f9d010e39375d9c91dce3f40b73a2f84,5,1212.0,4,4,0.25,4,3.5
f9ec7093df3a7b346b7bcf7864069ca3,9,519.2,9,9,0.0,9,4.777777777777778
f9eedec3129e8cc6b6429c42d0808c5b,2,789.8,2,2,0.0,2,4.5
f9f68daa2af419d38f745478bcb3da1a,1,11.2,1,1,0.0,1,5.0
fa14641f57b655e933124a9ea49cd7a5,7,359.92999999999995,7,7,0.0,7,4.571428571428571
fa1a9dec3a9940c072684a46728bf1fc,57,6364.3,52,52,0.0,51,4.117647058823529
fa1c13f2614d7b5c4749cbc52fecda94,579,190917.13999999998,578,578,0.09169550173010381,574,4.372822299651568
fa3a0b5aabb344b9a92e3524b0202123,7,1789.0,7,7,0.14285714285714285,7,4.142857142857143
fa40cc5b934574b62717c68f3d678b6d,336,15850.58,303,303,0.052805280528052806,302,4.4801324503311255
fa74b2f3287d296e9fbd2cc80f2d1cf1,5,1274.49,5,5,0.4,5,3.2
fa8d335d68129e464e60c1826a683e96,1,139.9,1,1,0.0,1,4.0
fac1a9017ade7bdc94058fc1c969f355,10,2010.84,9,9,0.0,9,4.666666666666667
fac35d150712afb921ec59ac5f39bb11,6,696.0,5,5,0.0,5,4.4
fad44952713764836814be105382aee5,32,5129.0,32,32,0.0,32,4.28125
fadb07c842a2aef5d5a676b85f220e71,7,398.75,7,7,0.0,7,4.714285714285714
fb3cfbc8a86f5d7fbb4d36b8df63f60d,15,1007.3000000000001,10,10,0.0,10,4.2
fb503a924a0b9db19d83dd0ac6dbef8c,1,13.9,1,1,0.0,1,5.0
fb8904a8ea99f8831b64ce27db2c1765,2,278.0,2,2,0.0,2,4.5
fb89df7f89fd1b8f03fa2acca1ba7364,25,2220.0,22,22,0.09090909090909091,22,3.8636363636363638
fbc14c0cf93505ef89f64665ffa4a7b5,18,12227.82,18,18,0.05555555555555555,17,4.176470588235294
fc0b214b59a83615fea981c6424a02ae,1,159.9,1,1,0.0,1,5.0
fc38b5dceee1a730fad8853453437fbd,5,119.2,5,5,0.0,5,4.6
fc4751cfe3b279c419615b9b00c1abb4,1,453.7,1,1,0.0,1,5.0
fc59392d66ef99377e50356ee4f3b4e1,5,519.99,5,5,0.0,5,3.6
fc5a0d7a310a7a41abf86a458585ff2b,1,117.9,1,1,0.0,1,4.0
fc6295add6f51a0936407ead70c1001d,4,160.0,1,1,0.0,1,1.0
fc906263ca5083d09dce42fe02247800,117,4417.9,112,112,0.0,112,4.375
fc908879b9ca1bd65419e54e50432d38,4,119.19999999999999,4,4,0.0,4,5.0
fcb5ace8bcc92f75707dc0f01a27d269,70,8009.35,59,59,0.03389830508474576,58,3.9827586206896552
fcba71d4d5db057f43249145e4eb1e27,3,494.55,3,3,0.0,3,4.666666666666667
fcdd820084f17e9982427971e4e9d47f,27,4783.99,16,16,0.125,16,3.9375
fce62094ffe6a4009188ec44e681dfdd,11,2969.7,4,4,0.25,4,4.0
fcf16b7a8697e559f0123190bb30177d,7,1052.8,3,3,0.6666666666666666,3,3.3333333333333335
fd312b6bf05efac6c3772d5b52205d8a,4,118.69999999999999,2,2,0.0,2,5.0
fd386aa7bed2af3c7035c65506c9b4a3,76,2304.15,69,69,0.10144927536231885,69,4.3478260869565215
fd435faa3c0422b60440ea3480d0e77c,1,749.0,1,1,0.0,1,5.0
fdaaf5bfda82b7b80535610c831b8d09,15,2588.9,10,10,0.1,10,4.2
fdb9095204a334cd8872252ffec6f2db,61,8156.0,46,46,0.06521739130434782,46,4.173913043478261
fde0cc9ea29c8ccfc0a2c22256a58c71,35,3922.0,35,35,0.02857142857142857,35,4.485714285714286
fdf736c18c589ed030e058312203e1b2,1,30.0,1,1,0.0,1,5.0
fe19dce63ae80346207c6c55713d1023,1,49.9,1,1,0.0,1,5.0
fe1b067411b8c5066e962aa146ccee03,8,847.78,8,8,0.0,8,4.625
fe1bbc5feda5c8979a8a1b3b2512d5a6,10,724.72,9,9,0.1111111111111111,9,3.888888888888889
fe2032dab1a61af8794248c8196565c9,305,65689.71,293,293,0.08873720136518772,289,4.387543252595155
fe26f3ecb51a15e6d8335cd92da42562,7,2708.96,7,7,0.14285714285714285,7,4.428571428571429
fe49ee029e61e789a1f3a5525f57ba8d,16,2473.69,16,16,0.0625,16,4.25
fe4cd9461203cee790d36792420b310f,3,391.15,3,3,0.0,3,4.0
fe701d88b67eaca109dffd464d1be9f9,10,1359.0,10,10,0.1,10,4.3
fe8055980a4ff7f64ed889c2b5926929,3,196.70000000000002,3,3,0.0,3,4.666666666666667
fe87f472055fbcf1d7e691c00b1560dc,6,1085.8,6,6,0.16666666666666666,6,4.5
fe9d9cf8631285d5982c6e2cf27fb114,1,69.9,1,1,0.0,1,4.0
feb793c88d836c3a75efa4b5a3465d70,1,466.0,1,1,0.0,1,5.0
febab0275244b9a49a623f0bd613ca2f,126,7094.82,106,106,0.03773584905660377,106,4.443396226415095
fec6275253471ace26d209bbaa64cd0f,10,2840.0,9,9,0.0,9,4.555555555555555
fec8cd45395b3cb0c2b173d7739706a1,4,1280.0,4,4,0.0,4,3.75
fedf2c1386e137f296b3bbf3b635e69d,5,131.74,2,2,0.0,2,3.5
ff063b022a9a0aab91bad2c9088760b7,96,12076.5,94,94,0.031914893617021274,93,4.311827956989247
ff1e15b778c700abdd4d239b81ac466d,7,414.3,7,7,0.0,7,4.571428571428571
ff1fb4c404b2efe68b03350a8dc24122,49,6771.0,46,46,0.13043478260869565,46,4.0
ff314fa6033cc68ec451c47aee2d6ba4,2,537.9,2,2,0.0,2,5.0
ff4e2d38692ce827b1a4f4b8196e680d,11,518.9,11,11,0.0,11,4.2727272727272725
ff4ea69c2a729e83e63c7579e4ef8170,8,6368.0,8,8,0.0,7,5.0
ff69aa92bb6b1bf9b8b7a51c2ed9cf8b,20,21940.8,20,20,0.2,20,3.65
ff82e8873fba613f2261a9acc896fd84,4,124.6,4,4,0.0,4,3.5
ffa6adafb71b807dc13159e26431354c,17,2500.9,17,17,0.0,17,3.9411764705882355
ffad1e7127fb622cb64a900751590acd,15,884.3,10,10,0.0,10,4.8
ffc470761de7d0232558ba5e786e57b7,30,1529.13,27,27,0.037037037037037035,27,4.444444444444445
ffdd9f82b9a447f6f8d4b91554cc7dd3,20,2101.2,18,18,0.0,18,4.333333333333333
ffeee66ac5d5a62fe688b9d26f83f534,14,1839.8600000000001,14,14,0.14285714285714285,14,4.214285714285714
fffd5413c0700ac820c7069d66d98c89,58,8535.0,57,57,0.12280701754385964,56,3.892857142857143
ffff564a4f9085cd26170f4732393726,6,238.5,6,6,0.0,6,3.3333333333333335
